,avg(pkt_len),stddev(pkt_len),fb_ratio,inter_arrival_time,pkt_count,duration,is_tcp,tot_pkt_len,fwd_pkt_len,bwd_pkt_len,outcome
0,176.10714285714286,315.73304937178887,0.4210374639769453,0.005232518518518511,28,0.1412779999999998,1,4931.0,1461,3470.0,streaming
1,40.0,-1.0,-1.0,-1.0,1,0.0,1,40.0,40,0.0,streaming
2,73.2,20.571825392998065,1.859375,0.02601625000000141,5,0.10406500000000564,1,366.0,238,128.0,streaming
3,371.55882352941177,416.27505411369765,0.3683925476603119,15.43811254545454,34,509.45771399999984,1,12633.0,3401,9232.0,streaming
4,1352.0,0.0,-1.0,0.00025713565891474294,775,0.19902300000001105,1,1047800.0,1047800,0.0,streaming
5,1344.1511627906978,98.33211220098666,-1.0,0.064569504854369,516,33.25329500000004,1,693582.0,693582,0.0,streaming
6,187.925,301.2220739263854,0.5179725363489499,5.082854051282051,40,198.231308,1,7517.0,2565,4952.0,streaming
7,171.0,293.55323196994436,0.5683713173985547,0.016676499999999983,33,0.5336479999999995,1,5643.0,2045,3598.0,streaming
8,352.92,474.4535382943202,0.2902895583503948,0.00425966666666729,25,0.10223200000001498,1,8823.0,1985,6838.0,streaming
9,233.90625,359.627527685736,0.7151695692025665,0.20871483870967736,32,6.470159999999997,1,7485.0,3121,4364.0,streaming
10,253.66666666666663,382.432174138228,0.6133135467458131,0.0031720344827590448,30,0.09198900000001232,1,7610.0,2893,4717.0,streaming
11,73.2,20.571825392998065,1.859375,0.0009732499999941523,5,0.003892999999976609,1,366.0,238,128.0,streaming
12,150.14285714285714,135.004232737877,1.017274472168906,0.07447350000000104,7,0.4468410000000063,1,1051.0,530,521.0,streaming
13,401.79310344827593,505.22897067357667,0.3068640646029609,0.01886674999999879,29,0.5282689999999661,1,11652.0,2736,8916.0,streaming
14,422.3055555555555,534.3109217591486,0.3378211897219289,0.06161948571428572,36,2.1566820000000004,1,15203.0,3839,11364.0,streaming
15,201.27272727272728,348.8590233630459,0.7912621359223301,0.09870879999999717,11,0.9870879999999717,1,2214.0,978,1236.0,streaming
16,171.41379310344828,311.0721686179429,0.4325648414985591,0.005167178571430293,29,0.14468100000004824,1,4971.0,1501,3470.0,streaming
17,136.3548387096774,106.56783391721186,0.966046511627907,0.012885966666666112,31,0.38657899999998335,1,4227.0,2077,2150.0,streaming
18,297.60869565217394,407.3036324560066,0.6654501216545012,0.04875745454545599,23,1.0726640000000316,1,6845.0,2735,4110.0,streaming
19,73.2,20.571825392998065,1.859375,0.0012920000000029574,5,0.00516800000001183,1,366.0,238,128.0,streaming
20,462.11111111111114,543.3779634021895,0.2610673135233475,0.0014184999999713455,9,0.011347999999770764,1,4159.0,861,3298.0,streaming
21,274.625,409.4113595032783,0.5128249268376657,0.2122874838709672,32,6.580911999999984,1,8788.0,2979,5809.0,streaming
22,150.19047619047618,126.14403661033774,0.8053806525472238,0.019692612903225475,63,1.2209419999999795,1,9462.0,4221,5241.0,streaming
23,492.8428571428572,573.0535422754039,0.08271219420339887,0.7709862401433691,280,215.105161,1,137996.0,10542,127454.0,streaming
24,148.73563218390802,156.69370653945367,1.5337771685921284,0.6660011744186025,87,57.27610099999981,1,12940.0,7833,5107.0,streaming
25,171.96551724137933,311.248119071611,0.43387004025301895,0.005208892857142797,29,0.14584899999999834,1,4987.0,1509,3478.0,streaming
26,163.8709677419355,301.94742830891204,0.43543373834416493,0.004656033333333197,31,0.13968099999999595,1,5080.0,1541,3539.0,streaming
27,1351.858064516129,3.951316644589047,-1.0,0.0041457403100775185,775,3.208803,1,1047690.0,1047690,0.0,streaming
28,1352.0,0.0,-1.0,0.0011559444444444414,775,0.8947009999999977,1,1047800.0,1047800,0.0,streaming
29,1350.7551546391753,33.37388353829486,-1.0,0.014368522580645159,776,11.135604999999998,1,1048186.0,1048186,0.0,streaming
30,1352.0,0.0,-1.0,0.001903351421188639,775,1.4731940000000066,1,1047800.0,1047800,0.0,streaming
31,1347.857142857143,68.37134376339095,-1.0,0.01883023840206184,777,14.612264999999988,1,1047285.0,1047285,0.0,streaming
32,1351.2164948453608,21.82592802197923,-1.0,0.002168523870967748,776,1.6806060000000045,1,1048544.0,1048544,0.0,streaming
33,1350.0567010309278,46.89608973526043,-1.0,0.013595927741935495,776,10.53684400000001,1,1047644.0,1047644,0.0,streaming
34,1352.0,0.0,-1.0,0.0016374728682170348,775,1.2674039999999849,1,1047800.0,1047800,0.0,streaming
35,1347.8416988416989,61.384451935146075,-1.0,0.01490939175257732,777,11.569688000000001,1,1047273.0,1047273,0.0,streaming
36,1352.0,0.0,-1.0,0.002520136950904357,775,1.9505859999999728,1,1047800.0,1047800,0.0,streaming
37,1351.9767741935484,0.6465790872963897,-1.0,0.005127184754521961,775,3.968440999999999,1,1047782.0,1047782,0.0,streaming
38,1349.068211068211,58.09711679962801,-1.0,0.00956207731958764,777,7.420172000000008,1,1048226.0,1048226,0.0,streaming
39,1352.0,0.0,-1.0,0.0006447260981912048,775,0.4990179999999924,1,1047800.0,1047800,0.0,streaming
40,1348.1338481338482,65.2833838424465,-1.0,0.015679216494845386,777,12.167072000000019,1,1047500.0,1047500,0.0,streaming
41,1352.0,0.0,-1.0,0.0011857816537467676,775,0.917794999999998,1,1047800.0,1047800,0.0,streaming
42,1349.3835263835265,51.62400880376566,-1.0,0.014321969072164938,777,11.11384799999999,1,1048471.0,1048471,0.0,streaming
43,1352.0,0.0,-1.0,0.00319973901808785,775,2.476597999999996,1,1047800.0,1047800,0.0,streaming
44,1350.9033505154641,30.549119649184757,-1.0,0.018630409032258054,776,14.438566999999994,1,1048301.0,1048301,0.0,streaming
45,1350.9935567010311,28.036266094022675,-1.0,0.007451301935483894,776,5.774759000000018,1,1048371.0,1048371,0.0,streaming
46,1352.0,0.0,-1.0,0.0022164896640826915,775,1.7155630000000033,1,1047800.0,1047800,0.0,streaming
47,1346.6735218508998,76.70788222239753,-1.0,0.02998735778635781,778,23.30017700000002,1,1047712.0,1047712,0.0,streaming
48,1352.0,0.0,-1.0,0.000583228682170526,775,0.4514189999999872,1,1047800.0,1047800,0.0,streaming
49,1348.8275418275418,62.553615050883636,-1.0,0.033692228092783445,777,26.145168999999953,1,1048039.0,1048039,0.0,streaming
50,1352.0,0.0,-1.0,0.0004524689922480642,775,0.3502110000000016,1,1047800.0,1047800,0.0,streaming
51,1346.6812339331618,77.23397857555507,-1.0,0.030888051480051464,778,24.00001599999999,1,1047718.0,1047718,0.0,streaming
52,1352.0,0.0,-1.0,0.000900347545219665,775,0.6968690000000208,1,1047800.0,1047800,0.0,streaming
53,1349.8092783505153,43.14018818203945,-1.0,0.032741947096774165,776,25.375008999999977,1,1047452.0,1047452,0.0,streaming
54,1352.0,0.0,-1.0,0.0012039082687338547,775,0.9318250000000036,1,1047800.0,1047800,0.0,streaming
55,1351.2567741935484,20.690530793484463,-1.0,0.014935178294573656,775,11.55982800000001,1,1047224.0,1047224,0.0,streaming
56,1349.3384813384814,53.71037234254881,-1.0,0.018939024484536056,777,14.69668299999998,1,1048436.0,1048436,0.0,streaming
57,1352.0,0.0,-1.0,0.0024687571059431607,775,1.910818000000006,1,1047800.0,1047800,0.0,streaming
58,1348.1814671814673,62.770029180402034,-1.0,0.02804018041237108,777,21.75917999999996,1,1047537.0,1047537,0.0,streaming
59,1352.0,0.0,-1.0,0.0010175801033591473,775,0.7876069999999801,1,1047800.0,1047800,0.0,streaming
60,1348.7953667953668,63.16163669221827,-1.0,0.026304025773195874,777,20.411924,1,1048014.0,1048014,0.0,streaming
61,1349.208494208494,55.736241702286044,-1.0,0.008047595360824744,777,6.2449340000000015,1,1048335.0,1048335,0.0,streaming
62,1351.0618556701033,26.13367697368567,-1.0,0.030861056774193575,776,23.91731900000002,1,1048424.0,1048424,0.0,streaming
63,1349.3809523809525,53.38567172939776,-1.0,0.0005722435567010008,777,0.4440609999999765,1,1048469.0,1048469,0.0,streaming
64,1352.0,0.0,-1.0,0.0002502286821705164,775,0.19367699999997967,1,1047800.0,1047800,0.0,streaming
65,1348.4079794079794,61.06975552055028,-1.0,0.0381964652061856,777,29.640457000000023,1,1047713.0,1047713,0.0,streaming
66,1352.0,0.0,-1.0,0.0003983604651162916,775,0.3083310000000097,1,1047800.0,1047800,0.0,streaming
67,1351.352258064516,18.0323723234882,-1.0,0.03783104780361756,775,29.28123099999999,1,1047298.0,1047298,0.0,streaming
68,1350.9329896907213,29.723467766774355,-1.0,0.0015412116129032108,776,1.1944389999999885,1,1048324.0,1048324,0.0,streaming
69,1352.0,0.0,-1.0,0.00033589534883717964,775,0.259982999999977,1,1047800.0,1047800,0.0,streaming
70,1349.9394329896907,46.926519819690036,-1.0,0.033381187096774234,776,25.870420000000024,1,1047553.0,1047553,0.0,streaming
71,1352.0,0.0,-1.0,0.0003517157622738813,775,0.2722279999999841,1,1047800.0,1047800,0.0,streaming
72,1348.5984555984555,58.80737731337565,-1.0,0.03297844201030928,777,25.59127100000001,1,1047861.0,1047861,0.0,streaming
73,1352.0,0.0,-1.0,0.0010024250645994572,775,0.7758769999999799,1,1047800.0,1047800,0.0,streaming
74,1349.3513513513512,52.81653571271136,-1.0,0.0308936494845361,777,23.973472000000008,1,1048446.0,1048446,0.0,streaming
75,1352.0,0.0,-1.0,0.0005907299741601988,775,0.45722499999999394,1,1047800.0,1047800,0.0,streaming
76,1348.1109185441942,66.72071898881171,-1.0,0.054464654513888905,577,31.37164100000001,1,777860.0,777860,0.0,streaming
77,175.89285714285714,315.67251423490484,0.4205364868762619,0.005435925925923955,28,0.14676999999994678,1,4925.0,1458,3467.0,streaming
78,129.58823529411765,122.81900240981106,1.6638452237001207,1.8789374375,17,30.062999,1,2203.0,1376,827.0,streaming
79,64.0,0.0,2.0,0.0014310000000001821,3,0.0028620000000003643,1,192.0,128,64.0,streaming
80,171.20689655172413,311.00968971013765,0.4320738390539372,0.004940678571428643,29,0.138339000000002,1,4965.0,1498,3467.0,streaming
81,275.81481481481484,396.52345328221014,0.5684498736310025,1.5478551538461562,27,40.24423400000006,1,7447.0,2699,4748.0,streaming
82,47.75,14.350211546474547,1.0,0.037436285714286095,8,0.2620540000000027,1,382.0,191,191.0,streaming
83,263.6764705882353,399.54092751922593,0.5138466734211415,0.1888302121212126,34,6.2313970000000145,1,8965.0,3043,5922.0,streaming
84,64.0,0.0,2.0,0.0012489999999942825,3,0.002497999999988565,1,192.0,128,64.0,streaming
85,126.09523809523809,172.16096786769887,0.9463432561558249,3.954471672,126,494.30895899999996,1,15888.0,7725,8163.0,streaming
86,317.73529411764713,455.6109656822484,0.35121951219512193,1.5202034242424247,34,50.166713000000016,1,10803.0,2808,7995.0,streaming
87,278.2826086956522,344.15633805605637,1.4235138205225293,0.011149000000000344,46,0.5017050000000154,1,12801.0,7519,5282.0,streaming
88,273.9,412.8864670752452,0.6974467030242935,4.3987755306122445,50,215.540001,1,13695.0,5627,8068.0,streaming
89,223.44117647058826,349.73134201334136,0.7083427029458061,0.1877711818181758,34,6.196448999999803,1,7597.0,3150,4447.0,streaming
90,136.0,111.75121177568201,1.3622828784119108,0.11390133333333095,7,0.6834079999999858,1,952.0,549,403.0,streaming
91,185.34782608695653,298.02693520264273,0.4778991159646386,0.002876822222217217,46,0.12945699999977478,1,8526.0,2757,5769.0,streaming
92,937.8685152057243,600.3165530750534,0.028088323250546627,0.017034648164726947,1118,19.027702,1,1048537.0,28647,1019890.0,streaming
93,78.95945945945945,128.68613608940797,-1.0,0.6272805479452055,74,45.79148,1,5843.0,5843,0.0,streaming
94,163.625,159.12798831967513,2.4,32.5629934,16,488.44490099999996,1,2618.0,1848,770.0,streaming
95,176.1785714285714,315.7536608475416,0.4212042639008931,0.005378111111114053,28,0.1452090000000794,1,4933.0,1462,3471.0,streaming
96,322.92592592592587,470.975903836175,0.20594744121715075,0.09518050000000007,27,2.474693000000002,1,8719.0,1489,7230.0,streaming
97,470.97222222222223,568.3341314056679,0.4164578111946533,0.07843085714285719,36,2.745080000000001,1,16955.0,4985,11970.0,streaming
98,171.41379310344828,311.0721686179429,0.4325648414985591,0.005141035714286447,29,0.14394900000002053,1,4971.0,1501,3470.0,streaming
99,163.80645161290326,301.92564419680537,0.4352741661955907,0.00461726666666588,31,0.13851799999997638,1,5078.0,1540,3538.0,streaming
100,207.86111111111111,303.2356135113211,0.4294173829990449,0.014070771428571252,36,0.4924769999999938,1,7483.0,2248,5235.0,streaming
101,171.48275862068962,311.09341967252664,0.4327283203687698,0.02208067857142889,29,0.618259000000009,1,4973.0,1502,3471.0,streaming
102,176.6785714285714,315.9040001354641,0.4223691776883266,0.005292777777777739,28,0.14290499999999895,1,4947.0,1469,3478.0,streaming
103,47.75,14.350211546474547,1.0,0.03748128571428617,8,0.2623690000000032,1,382.0,191,191.0,streaming
104,66.86666666666666,10.907839033509447,-1.0,1.2953905714285716,15,18.135468000000003,1,1003.0,1003,0.0,streaming
105,233.86666666666667,336.4683449099436,0.5855367231638418,1.6861495172413783,30,48.89833599999997,1,7016.0,2591,4425.0,streaming
106,288.3235294117647,419.8633053592155,0.8888246628131021,1.825153090909091,34,60.230052,1,9803.0,4613,5190.0,streaming
107,276.09375,409.4814470077349,0.5177804500944855,0.20817148387096868,32,6.4533160000000285,1,8835.0,3014,5821.0,streaming
108,237.06,345.74783839541504,1.0467967535831462,0.06353940816326513,50,3.1134309999999914,1,11853.0,6062,5791.0,streaming
109,506.68421052631584,599.7716280785155,0.08878081881927166,3.3332398888888886,19,59.99831799999998,1,9627.0,785,8842.0,streaming
110,64.0,0.0,2.0,0.0014404999999975132,3,0.0028809999999950264,1,192.0,128,64.0,streaming
111,171.27586206896552,311.03030359386935,0.43223760092272207,0.0050030000000000595,29,0.14008400000000165,1,4967.0,1499,3468.0,streaming
112,259.6875,409.5932236633899,0.61015307111025,0.21226154838709665,32,6.5801079999999965,1,8310.0,3149,5161.0,streaming
113,115.5,125.42400814111237,0.6678700361010831,0.014394454545455656,12,0.15833900000001222,1,1386.0,555,831.0,streaming
114,232.34375,359.2601366226554,0.7095884111289952,0.20986158064516025,32,6.505708999999968,1,7435.0,3086,4349.0,streaming
115,73.2,20.571825392998065,1.859375,0.0010717499999977065,5,0.004286999999990826,1,366.0,238,128.0,streaming
116,190.5,287.2701064069976,0.4418634999347514,3.7996715087719304,58,216.58127599999997,1,11049.0,3386,7663.0,streaming
117,62.88888888888889,21.327473153449546,0.9721254355400696,0.008631999999999973,9,0.06905599999999977,1,566.0,279,287.0,streaming
118,115.5,125.42400814111237,0.6678700361010831,0.003014545454546309,12,0.033160000000009404,1,1386.0,555,831.0,streaming
119,928.7457927369353,602.9336819753777,0.030334593385170038,0.0010432118794326255,1129,1.176743000000002,1,1048554.0,30871,1017683.0,streaming
120,68.60794107687097,71.76684476869596,-1.0,0.04157199077131488,11812,491.006783,1,810397.0,810397,0.0,streaming
121,153.51898734177215,149.2219875150299,0.7951450562462996,5.6784732051282045,79,442.92090999999994,1,12128.0,5372,6756.0,streaming
122,189.11764705882354,286.21212357121493,2.104780299372284,0.909003333333334,34,29.99711000000002,1,6430.0,4359,2071.0,streaming
123,175.89285714285714,315.67251423490484,0.4205364868762619,0.005399814814815592,28,0.145795000000021,1,4925.0,1458,3467.0,streaming
124,198.075,315.8041739465317,0.4890058259725616,5.11497982051282,40,199.484213,1,7923.0,2602,5321.0,streaming
125,243.37142857142857,394.534206801051,0.6056550424128181,0.1832594999999996,35,6.230822999999987,1,8518.0,3213,5305.0,streaming
126,73.2,20.571825392998065,1.859375,0.026088000000001443,5,0.10435200000000576,1,366.0,238,128.0,streaming
127,398.6341463414634,413.62324379183286,1.669279764821166,0.016533950000000176,41,0.6613580000000071,1,16344.0,10221,6123.0,streaming
128,47.75,14.350211546474547,1.0,0.0596824285714282,8,0.4177769999999974,1,382.0,191,191.0,streaming
129,409.6315789473685,492.7855303754042,0.6371476651241059,0.04620038888888997,19,0.8316070000000195,1,7783.0,3029,4754.0,streaming
130,396.57142857142856,518.2330684426778,1.4868980963045912,1.6914160370370366,28,45.668232999999994,1,11104.0,6639,4465.0,streaming
131,64.0,0.0,2.0,0.0035820000000000023,3,0.0071640000000000046,1,192.0,128,64.0,streaming
132,133.56756756756758,122.88737855373024,0.7873417721518987,5.986912666666668,37,215.528856,1,4942.0,2177,2765.0,streaming
133,219.62857142857143,346.35047582014437,0.7074633496223901,0.18918591176470592,35,6.432321000000003,1,7687.0,3185,4502.0,streaming
134,480.23109600679686,564.7698654947798,0.2273004609715796,0.4040395790816327,1177,475.150545,1,565232.0,104683,460549.0,streaming
135,258.375,335.4458714790028,0.7639528929851508,7.0154927435897445,40,273.604217,1,10335.0,4476,5859.0,streaming
136,274.5625,409.353773766377,0.5130015498536249,0.21350190322580664,32,6.618559000000005,1,8786.0,2979,5807.0,streaming
137,65.75,20.872059245384893,0.8327526132404182,0.0093348571428576,8,0.06534400000000318,1,526.0,239,287.0,streaming
138,64.0,0.0,2.0,0.0015275000000016805,3,0.003055000000003361,1,192.0,128,64.0,streaming
139,341.1363636363636,460.7678420075882,0.5216950527169505,0.15683267441860485,44,6.743805000000008,1,15010.0,5146,9864.0,streaming
140,432.1428571428572,537.2914721549377,0.3381403167300717,0.06350314705882287,35,2.159106999999977,1,15125.0,3822,11303.0,streaming
141,102.5,88.38834764831844,4.125,0.08576099999999087,2,0.08576099999999087,1,205.0,165,40.0,streaming
142,134.8,103.39836097652409,1.902045209903121,2.1859674736842085,20,41.53338199999996,1,2696.0,1767,929.0,streaming
143,101.7105263157895,41.41196519929287,0.7860443622920518,3.4577408761061945,114,390.724719,1,11595.0,5103,6492.0,streaming
144,171.34482758620692,311.05112991069365,0.4324012683770539,0.005180107142857438,29,0.14504300000000825,1,4969.0,1500,3469.0,streaming
145,183.0,144.29042682287442,1.006578947368421,11.359748113636364,45,499.828917,1,8235.0,4131,4104.0,streaming
146,939.5555555555555,599.9969488379487,0.025965575578249463,0.01621988699551569,1116,18.085173999999995,1,1048544.0,26537,1022007.0,streaming
147,63.86666666666667,1.7888543819998317,-1.0,0.18686075977653607,180,33.448075999999965,1,11496.0,11496,0.0,streaming
148,657.1080000000001,631.0505172784741,0.056695162192933364,0.0077221244979920846,250,1.9228090000000293,1,164277.0,8814,155463.0,streaming
149,73.2,20.571825392998065,1.859375,0.0009132499999999766,5,0.0036529999999999055,1,366.0,238,128.0,streaming
150,235.5,360.4133827310148,0.5752508361204013,4.758389258064517,32,147.510067,1,7536.0,2752,4784.0,streaming
151,47.75,14.350211546474547,1.0,0.030876857142856755,8,0.21613799999999728,1,382.0,191,191.0,streaming
152,73.2,20.571825392998065,1.859375,0.0017269999999989238,5,0.006907999999995695,1,366.0,238,128.0,streaming
153,138.63636363636363,218.4089159019259,1.793040293040293,0.10337089999999877,11,1.0337089999999876,1,1525.0,979,546.0,streaming
154,73.2,20.571825392998065,1.859375,0.0010812499999985905,5,0.004324999999994361,1,366.0,238,128.0,streaming
155,141.72727272727272,110.82116018818134,0.8618630573248408,0.039661781250000416,33,1.269177000000013,1,4677.0,2165,2512.0,streaming
156,115.5,125.42400814111237,0.6678700361010831,0.003240363636362789,12,0.03564399999999068,1,1386.0,555,831.0,streaming
157,207.77777777777774,303.23052156131837,0.4307574598316756,0.008253371428571452,36,0.2888680000000008,1,7480.0,2252,5228.0,streaming
158,269.04,421.070904559632,0.34493101379724056,1.2713274166666666,25,30.511858,1,6726.0,1725,5001.0,streaming
159,64.0,0.0,2.0,0.001492500000001229,3,0.002985000000002458,1,192.0,128,64.0,streaming
160,269.7575757575757,406.1582996738333,0.5193719064686807,0.19386918749999893,33,6.203813999999966,1,8902.0,3043,5859.0,streaming
161,247.66666666666663,387.73626573317324,0.844435250310302,1.7684178823529406,18,30.063103999999992,1,4458.0,2041,2417.0,streaming
162,153.15384615384616,152.0629508645713,2.1856,0.0013687499999974762,13,0.016424999999969714,1,1991.0,1366,625.0,streaming
163,1148.1101928374655,435.0856383355745,-1.0,0.8968328397790055,363,324.653488,1,416764.0,416764,0.0,streaming
164,479.8918918918919,523.7752725145982,0.4498244468032988,0.4528253972602743,74,33.056254000000024,1,35512.0,11018,24494.0,streaming
165,140.63013698630138,116.96978561070507,0.8975970425138632,6.151675236111112,73,442.920617,1,10266.0,4856,5410.0,streaming
166,234.84848484848484,354.2343081574081,0.619644723092999,0.10248628125000003,33,3.279561000000001,1,7750.0,2965,4785.0,streaming
167,47.75,14.350211546474547,1.0,0.03075199999999967,8,0.21526399999999768,1,382.0,191,191.0,streaming
168,66.86666666666666,10.907839033509447,-1.0,1.2956684999999968,15,18.139358999999963,1,1003.0,1003,0.0,streaming
169,47.75,14.350211546474547,1.0,0.032157428571428524,8,0.2251019999999997,1,382.0,191,191.0,streaming
170,73.2,20.571825392998065,1.859375,0.026077000000000797,5,0.10430800000000318,1,366.0,238,128.0,streaming
171,113.5,121.48288319385126,0.6877323420074349,0.003086363636363791,12,0.0339500000000017,1,1362.0,555,807.0,streaming
172,73.2,20.571825392998065,1.859375,0.01825275000000204,5,0.07301100000000815,1,366.0,238,128.0,streaming
173,73.2,20.571825392998065,1.859375,0.000894249999998209,5,0.003576999999992836,1,366.0,238,128.0,streaming
174,163.67741935483872,301.882691023823,0.4349547511312217,0.004695599999999919,31,0.14086799999999755,1,5074.0,1538,3536.0,streaming
175,62.88888888888889,21.327473153449546,0.9721254355400696,0.00819299999999945,9,0.0655439999999956,1,566.0,279,287.0,streaming
176,73.2,20.571825392998065,1.859375,0.02607524999999811,5,0.10430099999999244,1,366.0,238,128.0,streaming
177,308.6363636363636,446.0124667623088,0.5925882490911223,0.15187883720931086,44,6.530790000000366,1,13580.0,5053,8527.0,streaming
178,563.7313432835822,599.1380571942258,0.2814684128384339,0.030524954545454494,67,2.0146469999999965,1,37770.0,8296,29474.0,streaming
179,565.3731343283582,602.2803594577131,0.2942462757960913,0.030529666666666695,67,2.0149580000000022,1,37880.0,8612,29268.0,streaming
180,239.38709677419357,364.2110814183953,0.7005041246562786,0.21892560000000005,31,6.567768000000001,1,7421.0,3057,4364.0,streaming
181,64.0,0.0,2.0,0.0017999999999993575,3,0.0035999999999987158,1,192.0,128,64.0,streaming
182,115.5,125.42400814111237,0.6678700361010831,0.003082636363635836,12,0.033908999999994194,1,1386.0,555,831.0,streaming
183,160.5625,149.6876609254528,2.1291108404384897,3.667144000000004,16,55.00716000000007,1,2569.0,1748,821.0,streaming
184,64.0,24.0,2.0,0.12929449999995768,3,0.25858899999991536,1,192.0,128,64.0,streaming
185,1343.0081799591005,100.62383251822638,-1.0,0.0938410758196722,489,45.79444500000002,1,656731.0,656731,0.0,streaming
186,73.2,20.571825392998065,1.859375,0.02609625000000193,5,0.10438500000000772,1,366.0,238,128.0,streaming
187,257.72222222222223,403.50432690377113,0.8394131641554322,1.768406117647059,18,30.062904000000003,1,4639.0,2117,2522.0,streaming
188,64.0,24.0,2.0,0.1275915000000225,3,0.255183000000045,1,192.0,128,64.0,streaming
189,73.2,20.571825392998065,1.859375,0.0018479999999989614,5,0.0073919999999958455,1,366.0,238,128.0,streaming
190,171.48275862068962,311.09341967252664,0.4327283203687698,0.018422285714285027,29,0.5158239999999807,1,4973.0,1502,3471.0,streaming
191,99.5,58.44655678480983,2.0498084291187744,13.722199709677419,32,425.388191,1,3184.0,2140,1044.0,streaming
192,372.8,480.8412568464922,0.5,0.00586214285715414,15,0.08207000000015796,1,5592.0,1864,3728.0,streaming
193,171.48275862068962,311.09341967252664,0.4327283203687698,0.005211999999998186,29,0.14593599999994922,1,4973.0,1502,3471.0,streaming
194,330.4107142857143,404.0295118287418,0.9631830238726792,0.012375599999999893,56,0.680657999999994,1,18503.0,9078,9425.0,streaming
195,131.0909090909091,196.20267813944568,1.641025641025641,0.09809930000000122,11,0.9809930000000122,1,1442.0,896,546.0,streaming
196,46.2,13.0707476620293,1.418848167539267,0.037080222222222015,10,0.3337219999999981,1,462.0,271,191.0,streaming
197,1350.340206185567,45.66501004781571,-1.0,0.0001354219354836107,776,0.10495199999979833,1,1047864.0,1047864,0.0,streaming
198,1349.6610738255033,40.376125911535404,-1.0,0.00012159595959595205,298,0.036113999999997766,1,402199.0,402199,0.0,streaming
199,850.41200324412,626.8860805901047,0.0344328198450163,0.02430584983766227,1233,29.94480699999991,1,1048558.0,34903,1013655.0,streaming
200,64.0,0.0,-1.0,0.0007707540983597897,184,0.14104799999984152,1,11776.0,11776,0.0,streaming
201,153.15384615384616,152.0629508645713,2.1856,0.0012378333333344926,13,0.014854000000013913,1,1991.0,1366,625.0,streaming
202,69.33333333333333,25.716402029314548,1.6,0.17407100000000142,3,0.34814200000000284,1,208.0,128,80.0,streaming
203,73.2,20.571825392998065,1.859375,0.0011539999999996553,5,0.004615999999998621,1,366.0,238,128.0,streaming
204,261.4705882352941,400.3110332618359,0.5204378313665128,0.1947190909090914,34,6.425730000000017,1,8890.0,3043,5847.0,streaming
205,681.7685305591677,622.2037249483034,0.053348522382751985,0.007735337020169161,1538,11.889213,1,1048560.0,53106,995454.0,streaming
206,78.05617977528091,37.77478893533016,-1.0,1.8341557288135597,178,324.6455640000001,1,13894.0,13894,0.0,streaming
207,157.8923076923077,147.5817700332729,0.7670454545454546,0.02387524999999968,65,1.5280159999999796,1,10263.0,4455,5808.0,streaming
208,64.0,0.0,2.0,0.0018029999999988886,3,0.003605999999997777,1,192.0,128,64.0,streaming
209,183.0,144.29042682287442,1.006578947368421,11.359717386363634,45,499.82756500000005,1,8235.0,4131,4104.0,streaming
210,64.0,0.0,2.0,0.001311000000004725,3,0.00262200000000945,1,192.0,128,64.0,streaming
211,372.23076923076917,507.2161588201146,0.2310888738127544,6.018184012987013,78,463.400169,1,29034.0,5450,23584.0,streaming
212,171.41379310344828,311.0721686179429,0.4325648414985591,0.004953214285714175,29,0.13868999999999687,1,4971.0,1501,3470.0,streaming
213,265.2352941176471,399.8196607732292,0.5181818181818182,0.1984369696969686,34,6.5484199999999655,1,9018.0,3078,5940.0,streaming
214,175.96428571428572,315.69247602372377,0.4207035755478662,0.005428962962963834,28,0.14658200000002353,1,4927.0,1459,3468.0,streaming
215,233.86666666666667,336.4683449099436,0.5855367231638418,1.6859441379310287,30,48.892379999999825,1,7016.0,2591,4425.0,streaming
216,283.5,328.80465325174464,0.09883720930232558,0.0019330000000081786,2,0.0019330000000081786,0,567.0,51,516.0,streaming
217,277.5,311.83409050326753,0.1144578313253012,0.011179000000000272,2,0.011179000000000272,0,555.0,57,498.0,streaming
218,183.5,201.52543263816605,0.12576687116564414,0.002299999999991087,2,0.002299999999991087,0,367.0,41,326.0,streaming
219,234.5,275.064537881567,0.09324009324009323,0.0029129999999781826,2,0.0029129999999781826,0,469.0,40,429.0,streaming
220,204.5,218.4959953866432,0.1392757660167131,0.0024639999999998,2,0.0024639999999998,0,409.0,50,359.0,streaming
221,16.0,-1.0,-1.0,-1.0,1,0.0,0,16.0,16,0.0,streaming
222,197.0,222.03152929257595,0.11299435028248588,0.0016279999999824213,2,0.0016279999999824213,0,394.0,40,354.0,streaming
223,16.0,-1.0,-1.0,-1.0,1,0.0,0,16.0,16,0.0,streaming
224,281.0,318.1980515339464,0.11067193675889328,0.0017739999999548672,2,0.0017739999999548672,0,562.0,56,506.0,streaming
225,16.0,-1.0,-1.0,-1.0,1,0.0,0,16.0,16,0.0,streaming
226,136.5,0.7071067811865476,-1.0,0.2453259999999773,2,0.2453259999999773,0,273.0,273,0.0,streaming
227,252.5,296.2777413171634,0.09307359307359307,0.03773400000000038,2,0.03773400000000038,0,505.0,43,462.0,streaming
228,135.5,127.98632739476508,0.1991150442477876,0.06027899999997999,2,0.06027899999997999,0,271.0,45,226.0,streaming
229,205.0,212.13203435596427,0.15492957746478872,0.05843599999997196,2,0.05843599999997196,0,410.0,55,355.0,streaming
230,210.5,232.6381310103741,0.12266666666666665,0.0048219999999332686,2,0.0048219999999332686,0,421.0,46,375.0,streaming
231,188.5,211.42492757477768,0.1153846153846154,0.014737999999999475,2,0.014737999999999475,0,377.0,39,338.0,streaming
232,272.0,316.7838379715733,0.0967741935483871,0.043002999999998785,2,0.043002999999998785,0,544.0,48,496.0,streaming
233,145.0,142.8355697996826,0.17886178861788618,0.002369999999984884,2,0.002369999999984884,0,290.0,44,246.0,streaming
234,259.5,283.54981925580563,0.1282608695652174,0.1355180000000047,2,0.1355180000000047,0,519.0,59,460.0,streaming
235,272.5,318.90515831513295,0.09437751004016064,0.05966300000000047,2,0.05966300000000047,0,545.0,47,498.0,streaming
236,287.0,323.8549057834388,0.1124031007751938,0.0035189999999829524,2,0.0035189999999829524,0,574.0,58,516.0,streaming
237,98.0,74.95331880577403,0.2980132450331126,0.003028999999855841,2,0.003028999999855841,0,196.0,45,151.0,streaming
238,209.5,212.8391411371508,0.1638888888888889,0.0023229999999969664,2,0.0023229999999969664,0,419.0,59,360.0,streaming
239,12.0,0.0,-1.0,3.2377117999999916,16,48.56567699999989,0,192.0,192,0.0,streaming
240,308.0,0.0,-1.0,110.00326566666666,4,330.00979700000005,0,1232.0,1232,0.0,streaming
241,275.5,311.83409050326753,0.11088709677419356,0.012815999999986616,2,0.012815999999986616,0,551.0,55,496.0,streaming
242,67.0,9.85900603509299,-1.0,6.946686199999966,6,34.733430999999825,0,402.0,402,0.0,streaming
243,16.0,-1.0,-1.0,-1.0,1,0.0,0,16.0,16,0.0,streaming
244,280.0,328.09754647055803,0.09375,0.027593000000024404,2,0.027593000000024404,0,560.0,48,512.0,streaming
245,280.0,335.1686142824235,0.08317214700193422,0.0030550000000175714,2,0.0030550000000175714,0,560.0,43,517.0,streaming
246,189.0,203.64675298172568,0.13513513513513514,0.002411999999992531,2,0.002411999999992531,0,378.0,45,333.0,streaming
247,272.5,330.2188668141177,0.07707509881422925,0.0018769999999790343,2,0.0018769999999790343,0,545.0,39,506.0,streaming
248,16.0,-1.0,-1.0,-1.0,1,0.0,0,16.0,16,0.0,streaming
249,197.0,222.03152929257595,0.11299435028248588,0.002156999999996856,2,0.002156999999996856,0,394.0,40,354.0,streaming
250,277.5,311.83409050326753,0.1144578313253012,0.0033040000000141845,2,0.0033040000000141845,0,555.0,57,498.0,streaming
251,16.0,-1.0,-1.0,-1.0,1,0.0,0,16.0,16,0.0,streaming
252,197.0,222.03152929257595,0.11299435028248588,0.0021930000000338623,2,0.0021930000000338623,0,394.0,40,354.0,streaming
253,210.5,232.6381310103741,0.12266666666666665,0.05530399999997826,2,0.05530399999997826,0,421.0,46,375.0,streaming
254,188.5,211.42492757477768,0.1153846153846154,0.002498000000002776,2,0.002498000000002776,0,377.0,39,338.0,streaming
255,277.5,311.83409050326753,0.1144578313253012,0.04509299999998007,2,0.04509299999998007,0,555.0,57,498.0,streaming
256,268.5,325.97622612699837,0.07615230460921844,0.0025309999999763018,2,0.0025309999999763018,0,537.0,38,499.0,streaming
257,189.5,211.42492757477768,0.11799410029498525,0.059875999999974276,2,0.059875999999974276,0,379.0,40,339.0,streaming
258,16.0,-1.0,-1.0,-1.0,1,0.0,0,16.0,16,0.0,streaming
259,308.0,0.0,-1.0,270.00695700000006,2,270.00695700000006,0,616.0,616,0.0,streaming
260,251.5,306.17723625377516,0.07478632478632477,0.0020760000000450422,2,0.0020760000000450422,0,503.0,35,468.0,streaming
261,119.5,54.44722215136415,0.5126582278481012,0.02779800000001842,2,0.02779800000001842,0,239.0,81,158.0,streaming
262,257.0,309.7127701597078,0.07983193277310924,0.002479999999991378,2,0.002479999999991378,0,514.0,38,476.0,streaming
263,88.75,53.400218476456935,0.31970260223048325,0.001219666666656849,4,0.003658999999970547,0,355.0,86,269.0,streaming
264,176.5,191.62593770155442,0.13141025641025642,0.0015859999999747745,2,0.0015859999999747745,0,353.0,41,312.0,streaming
265,208.0,212.13203435596427,0.16201117318435754,0.03222799999991821,2,0.03222799999991821,0,416.0,58,358.0,streaming
266,323.0,0.0,-1.0,10.022494750000037,5,40.08997900000014,0,1615.0,1615,0.0,streaming
267,208.0,212.13203435596427,0.16201117318435754,0.15022000000000446,2,0.15022000000000446,0,416.0,58,358.0,streaming
268,177.0,0.0,-1.0,30.05550205882353,18,510.94353500000005,0,3186.0,3186,0.0,streaming
269,308.0,0.0,-1.0,1.0110090000000014,2,1.0110090000000014,0,616.0,616,0.0,streaming
270,269.5,283.54981925580563,0.14680851063829786,0.0017320000000040634,2,0.0017320000000040634,0,539.0,69,470.0,streaming
271,210.5,232.6381310103741,0.12266666666666665,0.07780499999999879,2,0.07780499999999879,0,421.0,46,375.0,streaming
272,95.0,41.012193308819754,0.532258064516129,0.002024000000005799,2,0.002024000000005799,0,190.0,66,124.0,streaming
273,246.5,280.72139213105936,0.10786516853932583,0.002458000000046923,2,0.002458000000046923,0,493.0,48,445.0,streaming
274,262.5,299.10616844190963,0.10759493670886076,0.0017540000000053626,2,0.0017540000000053626,0,525.0,51,474.0,streaming
275,216.5,246.78026663410512,0.10741687979539642,0.0019409999998742933,2,0.0019409999998742933,0,433.0,42,391.0,streaming
276,275.5,311.83409050326753,0.11088709677419356,0.0225550000000112,2,0.0225550000000112,0,551.0,55,496.0,streaming
277,16.0,-1.0,-1.0,-1.0,1,0.0,0,16.0,16,0.0,streaming
278,16.0,-1.0,-1.0,-1.0,1,0.0,0,16.0,16,0.0,streaming
279,226.5,256.67976157071683,0.11029411764705882,0.004702999999949498,2,0.004702999999949498,0,453.0,45,408.0,streaming
280,136.4,0.50709255283711,-1.0,2.26916207142857,15,31.768268999999968,0,2046.0,2046,0.0,streaming
281,125.0,103.23759005323593,0.26262626262626265,0.002021000000013373,2,0.002021000000013373,0,250.0,52,198.0,streaming
282,316.14285714285717,11.7108008753824,-1.0,7.1252946666667,7,42.751768000000204,0,2213.0,2213,0.0,streaming
283,37.29411764705883,29.840753814796532,-1.0,3.210815812499984,17,51.37305299999974,0,634.0,634,0.0,streaming
284,210.5,232.6381310103741,0.12266666666666665,0.13420200000001614,2,0.13420200000001614,0,421.0,46,375.0,streaming
285,183.5,200.11121907579292,0.12923076923076926,0.0016189999999483007,2,0.0016189999999483007,0,367.0,42,325.0,streaming
286,278.0,335.1686142824235,0.07961165048543689,0.0018670000000042821,2,0.0018670000000042821,0,556.0,41,515.0,streaming
287,287.0,323.8549057834388,0.1124031007751938,0.0018160000000193575,2,0.0018160000000193575,0,574.0,58,516.0,streaming
288,308.0,0.0,-1.0,36.78088644444445,10,331.02797799999996,0,3080.0,3080,0.0,streaming
289,210.5,232.6381310103741,0.12266666666666665,0.04886399999998048,2,0.04886399999998048,0,421.0,46,375.0,streaming
290,177.0,0.0,-1.0,30.055556823529397,18,510.94446599999986,0,3186.0,3186,0.0,streaming
291,282.0,328.09754647055803,0.09727626459143968,0.0022620000000301843,2,0.0022620000000301843,0,564.0,50,514.0,streaming
292,204.5,221.3244225113894,0.1329639889196676,0.002861000000002889,2,0.002861000000002889,0,409.0,48,361.0,streaming
293,136.5,0.7071067811865476,-1.0,0.2453360000000089,2,0.2453360000000089,0,273.0,273,0.0,streaming
294,136.4,0.50709255283711,-1.0,2.269160428571431,15,31.768246000000033,0,2046.0,2046,0.0,streaming
295,74.5,36.062445840513924,0.49,0.002197999999964395,2,0.002197999999964395,0,149.0,49,100.0,streaming
296,287.5,324.5620125646253,0.11218568665377177,0.013198999999985972,2,0.013198999999985972,0,575.0,58,517.0,streaming
297,208.0,212.13203435596427,0.16201117318435754,0.0018019999999978609,2,0.0018019999999978609,0,416.0,58,358.0,streaming
298,16.0,-1.0,-1.0,-1.0,1,0.0,0,16.0,16,0.0,streaming
299,189.0,186.67619023324852,0.17757009345794392,0.010367999999914446,2,0.010367999999914446,0,378.0,57,321.0,streaming
300,280.0,335.1686142824235,0.08317214700193422,0.04293899999998985,2,0.04293899999998985,0,560.0,43,517.0,streaming
301,127.6086956521739,200.74604923779944,1.6489169675090252,0.25884422727272755,23,5.6945730000000045,1,2935.0,1827,1108.0,streaming
302,152.36666666666667,322.64321306646616,0.2504445356312406,3.6831594406779664,60,217.30640699999998,1,9142.0,1831,7311.0,streaming
303,815.3678071539657,635.3796052933525,0.022414742949077342,0.0019083105058366212,1286,2.4521790000000583,1,1048563.0,22988,1025575.0,streaming
304,56.514285714285705,16.494832618295646,-1.0,2.581650521739131,70,178.13388600000005,1,3956.0,3956,0.0,streaming
305,124.04166666666669,197.16964206901423,1.593205574912892,0.2431103478260876,24,5.591538000000013,1,2977.0,1829,1148.0,streaming
306,495.70078740157476,608.0675912064098,0.04801065423672382,1.7130249126984127,127,215.84113900000003,1,62954.0,2884,60070.0,streaming
307,124.04166666666669,197.16964206901423,1.593205574912892,0.24670417391304386,24,5.674196000000008,1,2977.0,1829,1148.0,streaming
308,126.04,194.9680486643901,1.714039621016365,0.2340134583333319,25,5.616322999999966,1,3151.0,1990,1161.0,streaming
309,47.75,14.350211546474547,1.0,0.012446714285714285,8,0.087127,1,382.0,191,191.0,streaming
310,102.5,48.58326186386968,1.2651933701657458,0.0012823333333263538,4,0.0038469999999790616,1,410.0,229,181.0,streaming
311,127.6086956521739,200.74604923779944,1.6489169675090252,0.2560288636363633,23,5.632634999999992,1,2935.0,1827,1108.0,streaming
312,220.65714285714282,338.7795520304458,0.7807240027668896,0.2319432941176471,35,7.886072,1,7723.0,3386,4337.0,streaming
313,127.69565217391305,200.76839546253484,1.6507220216606495,0.2602807272727277,23,5.7261760000000095,1,2937.0,1829,1108.0,streaming
314,117.69565217391305,185.21251547702724,0.9948415622697128,0.2649196818181819,23,5.828233000000001,1,2707.0,1350,1357.0,streaming
315,448.7735849056604,545.9336618445304,0.4838729802233452,0.03936790384615385,53,2.0471310000000003,1,23785.0,7756,16029.0,streaming
316,47.75,14.350211546474547,1.0,0.012435428571428587,8,0.08704800000000013,1,382.0,191,191.0,streaming
317,138.06666666666666,156.3788744714336,0.8895985401459854,15.112207214285714,15,211.57090099999996,1,2071.0,975,1096.0,streaming
318,246.72413793103448,408.7396041973531,0.3834106728538283,0.2615855,29,7.324393999999999,1,7155.0,1983,5172.0,streaming
319,51.5,23.0,4.15,0.015401999999999324,4,0.04620599999999797,1,206.0,166,40.0,streaming
320,1050.7492477432297,518.0482421907088,130.21204909819642,0.0011468885542168675,997,1.142301,1,1047597.0,1039613,7984.0,streaming
321,921.4,592.8239233378092,94.97916666666669,0.013971938775510204,50,0.684625,1,46070.0,45590,480.0,streaming
322,55.88372093023256,15.702910410138538,0.7127583749109052,0.17987128571428593,43,7.554594000000009,1,2403.0,1000,1403.0,streaming
323,124.04166666666669,197.16964206901423,1.593205574912892,0.24579469565217396,24,5.653278,1,2977.0,1829,1148.0,streaming
324,444.86792452830184,525.1045697227235,0.5588760330578513,0.08343411538461308,53,4.3385739999998805,1,23578.0,8453,15125.0,streaming
325,124.04166666666669,197.16964206901423,1.593205574912892,0.24294847826086985,24,5.587815000000006,1,2977.0,1829,1148.0,streaming
326,171.4,240.31080449830108,1.7689822294022617,0.24683400000000003,30,7.158186,1,5142.0,3285,1857.0,streaming
327,124.04166666666669,197.16964206901423,1.593205574912892,0.2479365652173912,24,5.7025409999999965,1,2977.0,1829,1148.0,streaming
328,64.0,0.0,2.0,0.0020600000000001732,3,0.0041200000000003465,1,192.0,128,64.0,streaming
329,127.69565217391305,200.76839546253484,1.6507220216606495,0.2572475454545456,23,5.659446000000003,1,2937.0,1829,1108.0,streaming
330,844.2326892109502,627.5096987624568,0.021641271876577228,0.0006655551974214339,1242,0.8259539999999994,1,1048537.0,22211,1026326.0,streaming
331,40.18701298701298,2.110423823301374,-1.0,0.00883695423057892,8085,71.43793799999997,1,324912.0,324912,0.0,streaming
332,134.64,249.78321934562916,0.9367088607594936,0.2330501666666667,25,5.593204,1,3366.0,1628,1738.0,streaming
333,594.0384615384615,612.2831896876293,5.815975286849072,0.03916245098039282,52,1.9972850000000333,1,30890.0,26358,4532.0,streaming
334,914.957242582897,607.2783804467105,0.015370864595397554,0.0012158008733624374,1146,1.392091999999991,1,1048541.0,15873,1032668.0,streaming
335,40.33688954290445,9.033779780132203,-1.0,0.007276375091979394,10873,79.10874999999996,1,438583.0,438583,0.0,streaming
336,115.3181818181818,172.44996137282595,1.4921414538310414,0.25476466666666664,22,5.350057999999999,1,2537.0,1519,1018.0,streaming
337,127.69565217391305,200.76839546253484,1.6507220216606495,0.2576634999999989,23,5.668596999999977,1,2937.0,1829,1108.0,streaming
338,56.02439024390244,15.887869279544772,0.7154592979835698,0.2283775249999998,41,9.135100999999992,1,2297.0,958,1339.0,streaming
339,55.04081632653061,15.33373076976793,0.7167409293443666,0.17020979166666628,49,8.170069999999981,1,2697.0,1126,1571.0,streaming
340,165.45454545454547,158.6444853352071,2.3955223880597014,0.0010488000000009382,11,0.01048800000000938,1,1820.0,1284,536.0,streaming
341,292.17857142857144,428.6713368996871,1.0350746268656716,0.07291729629629681,28,1.9687670000000144,1,8181.0,4161,4020.0,streaming
342,174.75862068965515,250.72945794968697,1.5817626082526746,0.2627574642857143,29,7.357208999999999,1,5068.0,3105,1963.0,streaming
343,124.04166666666669,197.16964206901423,1.593205574912892,0.24378895652173915,24,5.607146,1,2977.0,1829,1148.0,streaming
344,145.125,225.8079816242495,1.9170854271356783,0.2538677391304348,24,5.838958000000001,1,3483.0,2289,1194.0,streaming
345,113.75,159.40122333282142,0.93342776203966,0.05253045454545393,12,0.5778349999999932,1,1365.0,659,706.0,streaming
346,121.26923076923076,259.4365860048312,0.4615265760197775,2.8109509350649358,78,216.443222,1,9459.0,2987,6472.0,streaming
347,73.2,20.571825392998065,1.859375,0.0015189999999982715,5,0.006075999999993087,1,366.0,238,128.0,streaming
348,282.575,343.15032868543636,1.2829731367400523,0.009855717948717495,40,0.3843729999999823,1,11303.0,6352,4951.0,streaming
349,117.43478260869566,185.8417768100196,1.3881520778072505,0.2659648636363636,23,5.851227,1,2701.0,1570,1131.0,streaming
350,117.41984732824429,107.41507945982784,1.2704059040590403,1.6929528692307694,131,220.083873,1,15382.0,8607,6775.0,streaming
351,331.76923076923083,466.3427329930045,1.0121296944250058,0.41215952000000017,26,10.303988000000004,1,8626.0,4339,4287.0,streaming
352,73.2,20.571825392998065,1.859375,0.0011644999999980143,5,0.004657999999992057,1,366.0,238,128.0,streaming
353,1311.1664580725908,115.83964405237477,-1.0,9.293734335839558e-05,799,0.07416399999999967,1,1047622.0,1047622,0.0,streaming
354,1302.4919254658384,129.92515640000812,-1.0,9.02636815920399e-05,805,0.07257200000000008,1,1048506.0,1048506,0.0,streaming
355,1302.4919254658384,129.92515640000812,-1.0,0.0016711169154228855,805,1.3435780000000002,1,1048506.0,1048506,0.0,streaming
356,1305.6363636363635,124.52862653086281,-1.0,0.002051440149625936,803,1.6452550000000006,1,1048426.0,1048426,0.0,streaming
357,1302.4919254658384,129.92515640000812,-1.0,0.002599661691542289,805,2.090128,1,1048506.0,1048506,0.0,streaming
358,1304.623910336239,126.21871934609585,-1.0,0.002365142144638404,803,1.896844,1,1047613.0,1047613,0.0,streaming
359,1302.4919254658384,129.92515640000812,-1.0,0.002563978855721393,805,2.061439,1,1048506.0,1048506,0.0,streaming
360,1305.6363636363635,124.52862653086281,-1.0,0.002472445137157107,803,1.9829009999999998,1,1048426.0,1048426,0.0,streaming
361,1302.4919254658384,129.92515640000812,-1.0,0.00246629104477612,805,1.9828980000000005,1,1048506.0,1048506,0.0,streaming
362,1302.4919254658384,132.17609050952632,-1.0,0.0024651069651741345,805,1.981946000000004,1,1048506.0,1048506,0.0,streaming
363,1302.4919254658384,129.92515640000812,-1.0,0.0025960783582089524,805,2.087246999999998,1,1048506.0,1048506,0.0,streaming
364,1303.0509950248754,129.03350327676702,-1.0,0.002471529265255289,804,1.9846379999999968,1,1047653.0,1047653,0.0,streaming
365,1305.6363636363635,124.52862653086281,-1.0,0.002469587281795513,803,1.9806090000000007,1,1048426.0,1048426,0.0,streaming
366,1305.6363636363635,124.52862653086281,-1.0,0.001176952618453867,803,0.9439160000000016,1,1048426.0,1048426,0.0,streaming
367,1305.029887920299,125.54281781766086,-1.0,0.002516659600997505,803,2.0183609999999987,1,1047939.0,1047939,0.0,streaming
368,1306.2007481296755,123.5744312120318,-1.0,0.002598398252184767,802,2.0813169999999985,1,1047573.0,1047573,0.0,streaming
369,1305.6363636363635,124.52862653086281,-1.0,0.002368500000000003,803,1.8995370000000025,1,1048426.0,1048426,0.0,streaming
370,1302.4919254658384,129.92515640000812,-1.0,0.002567671641791045,805,2.064408,1,1048506.0,1048506,0.0,streaming
371,1304.0621890547266,130.9438430228322,-1.0,0.002406738480697387,804,1.9326110000000012,1,1048466.0,1048466,0.0,streaming
372,1301.8869565217392,130.88058394975627,-1.0,0.003088694029850741,805,2.483309999999996,1,1048019.0,1048019,0.0,streaming
373,1302.4919254658384,129.92515640000812,-1.0,0.002888498756218905,805,2.322353,1,1048506.0,1048506,0.0,streaming
374,1301.8869565217392,130.88058394975627,-1.0,0.0016036878109452696,805,1.2893649999999963,1,1048019.0,1048019,0.0,streaming
375,1301.8869565217392,130.88058394975627,-1.0,0.002001813432835825,805,1.6094580000000036,1,1048019.0,1048019,0.0,streaming
376,1302.4919254658384,129.92515640000812,-1.0,0.0021342636815920367,805,1.7159479999999974,1,1048506.0,1048506,0.0,streaming
377,1302.4919254658384,129.92515640000812,-1.0,0.00248209203980101,805,1.9956020000000123,1,1048506.0,1048506,0.0,streaming
378,1301.2819875776395,131.82630753847542,-1.0,0.0022057437810945268,805,1.7734179999999995,1,1047532.0,1047532,0.0,streaming
379,1302.4919254658384,129.92515640000812,-1.0,0.002336492537313434,805,1.878540000000001,1,1048506.0,1048506,0.0,streaming
380,1302.4919254658384,129.92515640000812,-1.0,0.0015996853233830842,805,1.2861469999999997,1,1048506.0,1048506,0.0,streaming
381,1302.4919254658384,129.92515640000812,-1.0,0.0021333768656716413,805,1.7152349999999998,1,1048506.0,1048506,0.0,streaming
382,1301.2819875776395,131.82630753847542,-1.0,0.0022042151741293588,805,1.7721890000000045,1,1047532.0,1047532,0.0,streaming
383,1301.8869565217392,130.88058394975627,-1.0,0.002209860696517411,805,1.7767279999999983,1,1048019.0,1048019,0.0,streaming
384,1301.8869565217392,130.88058394975627,-1.0,0.0022351629353233775,805,1.7970709999999954,1,1048019.0,1048019,0.0,streaming
385,1301.8869565217392,130.88058394975627,-1.0,0.002225747512437813,805,1.7895010000000011,1,1048019.0,1048019,0.0,streaming
386,1301.8869565217392,130.88058394975627,-1.0,0.002165997512437809,805,1.7414619999999983,1,1048019.0,1048019,0.0,streaming
387,1301.8869565217392,130.88058394975627,-1.0,0.0022095634328357923,805,1.776488999999977,1,1048019.0,1048019,0.0,streaming
388,1302.4919254658384,129.92515640000812,-1.0,0.002174894278606966,805,1.748615000000001,1,1048506.0,1048506,0.0,streaming
389,1302.4919254658384,129.92515640000812,-1.0,0.0021211393034825964,805,1.7053960000000077,1,1048506.0,1048506,0.0,streaming
390,1305.6363636363635,129.92666173328084,-1.0,0.002302041147132172,803,1.846237000000002,1,1048426.0,1048426,0.0,streaming
391,1301.8869565217392,130.88058394975627,-1.0,0.0021485845771144307,805,1.7274620000000027,1,1048019.0,1048019,0.0,streaming
392,1301.8869565217392,130.88058394975627,-1.0,0.002235332089552239,805,1.7972070000000002,1,1048019.0,1048019,0.0,streaming
393,1297.659520807062,150.90654539382768,-1.0,0.0022266641414141297,793,1.7635179999999906,1,1029044.0,1029044,0.0,streaming
394,60.6,22.66715685744465,0.9056603773584906,0.0006140000000005585,5,0.002456000000002234,1,303.0,144,159.0,streaming
395,62.88888888888889,21.327473153449546,0.9721254355400696,0.0004330000000000167,9,0.0034640000000001336,1,566.0,279,287.0,streaming
396,179.8,326.6391995255111,0.6163250629270047,0.2332779583333333,25,5.5986709999999995,1,4495.0,1714,2781.0,streaming
397,127.6086956521739,200.74604923779944,1.6489169675090252,0.2565652727272724,23,5.644435999999992,1,2935.0,1827,1108.0,streaming
398,115.33333333333331,50.52062285179522,1.9572649572649568,0.03912400000000105,3,0.0782480000000021,1,346.0,229,117.0,streaming
399,46.828571428571436,15.199624055501225,1.2763888888888888,0.09264667647058854,35,3.1499870000000096,1,1639.0,919,720.0,streaming
400,190.6,360.99192050053784,0.4693185322232501,0.24325204166666656,25,5.838048999999998,1,4765.0,1522,3243.0,streaming
401,260.4,397.07660668811417,3.584507042253522,0.5423765789473661,20,10.305154999999957,1,5208.0,4072,1136.0,streaming
402,481.59090909090907,601.4044151925623,0.10387580745988748,0.136079,44,5.851397,1,21190.0,1994,19196.0,streaming
403,577.2909090909089,624.9153327163392,0.06375636558563387,3.919011407407408,55,211.626616,1,31751.0,1903,29848.0,streaming
404,260.45,397.1117402073708,3.5813544415127527,0.5419466842105264,20,10.296987,1,5209.0,4072,1137.0,streaming
405,1333.4191176470588,76.7456168512727,-1.0,0.003001792592592707,136,0.4052420000000154,1,181345.0,181345,0.0,streaming
406,64.85714285714286,22.06932135465305,1.1879518072289157,0.0002003076923069959,14,0.002603999999990947,1,908.0,493,415.0,streaming
407,61.33333333333334,24.44040370643115,2.2857142857142856,0.04363950000001182,3,0.08727900000002364,1,184.0,128,56.0,streaming
408,70.0,23.16606713852541,0.9943019943019944,0.00031522222222532846,10,0.002837000000027956,1,700.0,349,351.0,streaming
409,68.14285714285714,26.168865543036517,1.1390134529147982,0.0011689999999996794,7,0.007013999999998077,1,477.0,254,223.0,streaming
410,150.625,324.92989803396614,0.2634811264230078,3.920837927272728,56,215.64608600000003,1,8435.0,1759,6676.0,streaming
411,127.69565217391305,200.76839546253484,1.6507220216606495,0.2562695909090952,23,5.637931000000094,1,2937.0,1829,1108.0,streaming
412,127.69565217391305,200.76839546253484,1.6507220216606495,0.2548852727272736,23,5.607476000000019,1,2937.0,1829,1108.0,streaming
413,1334.447133757962,57.08628959083492,-1.0,0.0007544821428571293,785,0.5915139999999894,1,1047541.0,1047541,0.0,streaming
414,1332.4007633587787,86.91308169727489,-1.0,0.000863268789808938,786,0.6776660000000163,1,1047267.0,1047267,0.0,streaming
415,1303.4564676616915,134.12081446289196,-1.0,0.002032971357409709,804,1.6324759999999967,1,1047979.0,1047979,0.0,streaming
416,1309.975,122.40739903769695,-1.0,0.002277433041301633,800,1.8196690000000049,1,1047980.0,1047980,0.0,streaming
417,1310.7534418022528,123.20553780739661,-1.0,0.0023161127819548355,799,1.8482579999999589,1,1047292.0,1047292,0.0,streaming
418,1302.2919254658384,133.7078217194105,-1.0,0.0021407151741293577,805,1.721135000000004,1,1048345.0,1048345,0.0,streaming
419,1310.17125,116.84996498216385,-1.0,0.0023711013767208967,800,1.8945099999999968,1,1048137.0,1048137,0.0,streaming
420,1304.2278953922792,129.37715408421877,-1.0,0.002059779301745657,803,1.651943000000017,1,1047295.0,1047295,0.0,streaming
421,1307.776529338327,121.13131819822424,-1.0,0.002363028749999998,801,1.8904229999999984,1,1047529.0,1047529,0.0,streaming
422,1306.6122194513714,125.774992801804,-1.0,0.002092230961298395,802,1.6758770000000143,1,1047903.0,1047903,0.0,streaming
423,1301.8869565217392,133.11536309474246,-1.0,0.0021952363184079672,805,1.7649700000000053,1,1048019.0,1048019,0.0,streaming
424,1302.4919254658384,129.92515640000812,-1.0,0.0021853955223880605,805,1.757058000000001,1,1048506.0,1048506,0.0,streaming
425,1303.0509950248754,129.03350327676702,-1.0,0.0026148555417185512,804,2.0997289999999964,1,1047653.0,1047653,0.0,streaming
426,1310.3825,120.85383011749188,-1.0,0.0017907259073842324,800,1.4307900000000018,1,1048306.0,1048306,0.0,streaming
427,1309.77375,121.92622797114487,-1.0,0.0022356946182728638,800,1.7863200000000177,1,1047819.0,1047819,0.0,streaming
428,1302.4919254658384,129.92515640000812,-1.0,0.0021576728855721393,805,1.7347689999999998,1,1048506.0,1048506,0.0,streaming
429,1316.7663316582914,104.15433962395029,-1.0,0.0022825622641509486,796,1.8146370000000047,1,1048146.0,1048146,0.0,streaming
430,1304.0621890547266,127.14170172290189,-1.0,0.00217971731008718,804,1.7503130000000056,1,1048466.0,1048466,0.0,streaming
431,1311.362953692115,114.05916078810075,-1.0,0.002245219298245616,799,1.7916850000000009,1,1047779.0,1047779,0.0,streaming
432,1310.3825,121.15540426959774,-1.0,0.0022425481852315463,800,1.7917960000000048,1,1048306.0,1048306,0.0,streaming
433,1311.9724655819775,117.1934084334701,-1.0,0.002244862155388484,799,1.79140000000001,1,1048266.0,1048266,0.0,streaming
434,1311.9724655819775,117.1934084334701,-1.0,0.0022763057644110056,799,1.8164919999999825,1,1048266.0,1048266,0.0,streaming
435,1308.796504369538,119.860782943235,-1.0,0.0021966487499999947,801,1.7573189999999954,1,1048346.0,1048346,0.0,streaming
436,1313.5664160401002,115.66166631122616,-1.0,0.002272154328732766,798,1.8109070000000145,1,1048226.0,1048226,0.0,streaming
437,1309.77375,117.01839253372296,-1.0,0.002254485607008757,800,1.8013339999999967,1,1047819.0,1047819,0.0,streaming
438,1313.1679197994988,110.27797373694716,-1.0,0.0022575495608531822,798,1.7992669999999862,1,1047908.0,1047908,0.0,streaming
439,1309.77375,120.32603835130259,-1.0,0.0022419023779724663,800,1.7912800000000004,1,1047819.0,1047819,0.0,streaming
440,1310.3825,120.85383011749188,-1.0,0.0022437421777221325,800,1.792749999999984,1,1048306.0,1048306,0.0,streaming
441,1311.9724655819775,113.76896627385278,-1.0,0.002267662907268173,799,1.8095950000000016,1,1048266.0,1048266,0.0,streaming
442,1308.796504369538,119.0607399093643,-1.0,0.002227180000000004,801,1.781744000000003,1,1048346.0,1048346,0.0,streaming
443,1308.796504369538,119.0607399093643,-1.0,0.002222115000000038,801,1.7776920000000302,1,1048346.0,1048346,0.0,streaming
444,1310.3825,115.90059265582927,-1.0,0.0021941414267834768,800,1.7531189999999979,1,1048306.0,1048306,0.0,streaming
445,1303.0509950248754,129.03350327676702,-1.0,0.002165402241593998,804,1.7388179999999809,1,1047653.0,1047653,0.0,streaming
446,1310.3825,115.90059265582926,-1.0,0.0022263329161451846,800,1.7788400000000024,1,1048306.0,1048306,0.0,streaming
447,1310.58375,119.95348696361819,-1.0,0.0022226220275343997,800,1.775874999999985,1,1048467.0,1048467,0.0,streaming
448,1309.165,122.98625858098819,-1.0,0.0022768898623279354,800,1.8192350000000204,1,1047332.0,1047332,0.0,streaming
449,1311.362953692115,114.91736566601084,-1.0,0.002323684210526309,799,1.8542999999999952,1,1047779.0,1047779,0.0,streaming
450,1303.4564676616915,131.1579213931418,-1.0,0.0020481656288916226,804,1.644676999999973,1,1047979.0,1047979,0.0,streaming
451,1308.3845193508114,120.06330396940581,-1.0,0.002301417499999978,801,1.8411339999999825,1,1048016.0,1048016,0.0,streaming
452,1304.428393524284,127.03811076530346,-1.0,0.002124485037406475,803,1.7038369999999932,1,1047456.0,1047456,0.0,streaming
453,1305.995012468828,124.19066319185312,-1.0,0.002430034956304628,802,1.946458000000007,1,1047408.0,1047408,0.0,streaming
454,1307.4201995012468,122.0004266829488,-1.0,0.0019569088639200733,802,1.5674839999999792,1,1048551.0,1048551,0.0,streaming
455,1302.4919254658384,129.92515640000812,-1.0,0.002723462686567156,805,2.1896639999999934,1,1048506.0,1048506,0.0,streaming
456,1311.362953692115,118.30857206833632,-1.0,0.0019522105263158188,799,1.5578640000000237,1,1047779.0,1047779,0.0,streaming
457,1297.4344059405942,148.71381047807267,-1.0,0.000997788104089189,808,0.8052149999999756,1,1048327.0,1048327,0.0,streaming
458,1302.4919254658384,129.92515640000812,-1.0,7.748507462686371e-05,805,0.06229799999999841,1,1048506.0,1048506,0.0,streaming
459,1302.4919254658384,129.92515640000812,-1.0,9.23694029850708e-05,805,0.07426499999999693,1,1048506.0,1048506,0.0,streaming
460,1303.0509950248754,129.03350327676702,-1.0,0.0016811481942715235,804,1.3499620000000334,1,1047653.0,1047653,0.0,streaming
461,1297.1558935361218,158.68497223372827,-1.0,0.0016902095238095255,526,0.887360000000001,1,682304.0,682304,0.0,streaming
462,123.95833333333331,197.1462664173959,1.5914634146341464,0.24288569565217516,24,5.586371000000028,1,2975.0,1827,1148.0,streaming
463,114.65217391304348,181.5367753115435,1.5282837967401726,0.2537233181818182,23,5.581913,1,2637.0,1594,1043.0,streaming
464,475.58333333333326,567.0150602686217,0.4308039445094434,0.060284028571427936,36,2.109940999999978,1,17121.0,5155,11966.0,streaming
465,181.78378378378375,234.62477551461885,1.4264069264069263,5.875415888888888,37,211.51497200000003,1,6726.0,3954,2772.0,streaming
466,46.2,13.863621460498695,1.0810810810810811,0.06463649999999999,5,0.25854599999999994,1,231.0,120,111.0,streaming
467,136.08333333333334,201.5606320832446,1.7986289631533847,0.2543058260869579,24,5.8490340000000325,1,3266.0,2099,1167.0,streaming
468,223.5609756097561,306.82935393965226,1.2733134920634919,0.220224025,41,8.808961,1,9166.0,5134,4032.0,streaming
469,331.76923076923083,466.3427329930045,1.0121296944250058,0.412064919999998,26,10.30162299999995,1,8626.0,4339,4287.0,streaming
470,64.0,33.94112549695428,2.2,0.00011299999999891953,2,0.00011299999999891953,1,128.0,88,40.0,streaming
471,62.88888888888889,21.327473153449546,0.9721254355400696,0.0005193749999999887,9,0.00415499999999991,1,566.0,279,287.0,streaming
472,126.66666666666669,231.70453210085992,0.7174297504421301,4.848787632352941,69,329.717559,1,8740.0,3651,5089.0,streaming
473,347.59183673469386,480.8860276600262,0.3598403193612775,0.1819948958333333,49,8.735755000000001,1,17032.0,4507,12525.0,streaming
474,256.32,369.9756433424593,0.4867749419953597,0.362957625,25,8.710982999999999,1,6408.0,2098,4310.0,streaming
475,124.04166666666669,197.16964206901423,1.593205574912892,0.24361104347826024,24,5.603053999999987,1,2977.0,1829,1148.0,streaming
476,125.96,194.94624900212884,1.7123169681309216,0.2335350000000001,25,5.604840000000002,1,3149.0,1988,1161.0,streaming
477,114.56521739130434,177.78966788850562,0.9346549192364172,0.2547626818181818,23,5.604779,1,2635.0,1273,1362.0,streaming
478,64.0,24.0,2.0,0.07756349999999658,3,0.15512699999999313,1,192.0,128,64.0,streaming
479,60.6,22.66715685744465,0.9056603773584906,0.0008874999999999301,5,0.0035499999999997205,1,303.0,144,159.0,streaming
480,127.6086956521739,200.74604923779944,1.6489169675090252,0.2569203181818181,23,5.652246999999999,1,2935.0,1827,1108.0,streaming
481,391.4871794871795,500.4237610473574,1.9658119658119655,0.2785974473684211,39,10.586703,1,15268.0,10120,5148.0,streaming
482,127.69565217391305,200.76839546253484,1.6507220216606495,0.25962827272727457,23,5.711822000000041,1,2937.0,1829,1108.0,streaming
483,127.69565217391305,200.76839546253484,1.6507220216606495,0.2585955909090917,23,5.689103000000018,1,2937.0,1829,1108.0,streaming
484,154.0,268.20007457120516,0.99900149775337,0.2349648,26,5.87412,1,4004.0,2001,2003.0,streaming
485,277.5,311.83409050326753,0.1144578313253012,0.006226999999952909,2,0.006226999999952909,0,555.0,57,498.0,streaming
486,147.5,150.61374439273462,0.16141732283464566,0.0029269999999996803,2,0.0029269999999996803,0,295.0,41,254.0,streaming
487,222.0,258.8010819142764,0.0962962962962963,0.0023510000000328546,2,0.0023510000000328546,0,444.0,39,405.0,streaming
488,157.0,166.87720036002526,0.14181818181818182,0.2725549999998975,2,0.2725549999998975,0,314.0,39,275.0,streaming
489,220.0,250.31580054003786,0.10831234256926953,0.001745999999968717,2,0.001745999999968717,0,440.0,43,397.0,streaming
490,95.0,70.71067811865477,0.3103448275862069,0.18056000000001404,2,0.18056000000001404,0,190.0,45,145.0,streaming
491,277.5,311.83409050326753,0.1144578313253012,0.005701999999985219,2,0.005701999999985219,0,555.0,57,498.0,streaming
492,145.0,142.8355697996826,0.17886178861788618,0.002441999999973632,2,0.002441999999973632,0,290.0,44,246.0,streaming
493,277.5,311.83409050326753,0.1144578313253012,0.004414000000000584,2,0.004414000000000584,0,555.0,57,498.0,streaming
494,308.0,0.0,1.0,0.009580999999997177,2,0.009580999999997177,0,616.0,308,308.0,streaming
495,197.5,191.62593770155442,0.18618618618618615,0.0028490000000260807,2,0.0028490000000260807,0,395.0,62,333.0,streaming
496,153.5,161.00621106031903,0.1739961759082218,109.140344,4,327.42103199999997,0,614.0,91,523.0,streaming
497,95.0,70.71067811865477,0.3103448275862069,0.2225299999999999,2,0.2225299999999999,0,190.0,45,145.0,streaming
