avg(pkt_len),stddev(pkt_len),fb_ratio,inter_arrival_time,pkt_count,duration
458.375,626.9198940625737,1.0,0.017330142857142856,8,0.12131099999999999
0.0,0.0,1.0,0.0014899999999999913,2,0.0014899999999999913
,-1.0,-1.0,-0.0,0,0.0
,-1.0,-1.0,-0.0,0,0.0
,-1.0,-1.0,-0.0,0,0.0
0.0,0.0,-1.0,2.0000000020559128e-06,2,2.0000000020559128e-06
384.03125,562.7921454604137,1.1333333333333333,0.019610032258064503,32,0.6079109999999996
119.07894736842105,301.4668088564731,1.375,0.0161747027027027,38,0.5984639999999999
163.6451612903226,342.63231491761894,1.3846153846153846,0.004610333333333353,31,0.1383100000000006
5.166666666666667,12.655697004379753,1.0,0.0010784000000029436,6,0.005392000000014718
0.0,0.0,1.0,0.08999800000000047,2,0.08999800000000047
106.6,259.20699579036574,1.0,0.0013864444444444185,10,0.012477999999999767
395.1764705882353,431.89715721658166,1.125,0.016024874999999994,17,0.2563979999999999
0.0,0.0,1.0,0.03409899999999766,4,0.10229699999999298
258.8333333333333,446.3764238450614,1.25,0.008931411764705832,18,0.15183399999999914
0.0,0.0,1.0,0.003004000000001857,4,0.009012000000005571
164.85714285714286,374.18665858390096,1.1875,0.003293441176470575,35,0.11197699999999955
170.6153846153846,397.61131323222736,0.8571428571428571,0.0066119166666666436,13,0.07934299999999972
4.428571428571429,11.716898663286042,0.75,0.0007669999999961874,7,0.004601999999977124
367.55555555555554,553.7169825208779,1.0,0.018731529411764664,18,0.3184359999999993
515.6666666666666,611.0219854200556,1.0,0.01804780000000008,6,0.0902390000000004
390.0,508.2528898097875,0.8,0.017237749999999608,9,0.13790199999999686
434.7142857142857,590.2351831503875,0.75,0.014083833333334184,7,0.0845030000000051
552.0,617.961343630993,0.6666666666666666,0.028981777777778304,10,0.26083600000000473
384.3333333333333,594.5279640185145,0.8,0.013074999999999726,9,0.1045999999999978
5.166666666666667,12.655697004379753,1.0,0.0006619999999998072,6,0.003309999999999036
721.1086956521739,674.7769747853606,0.7037037037037037,0.0025117333333333314,46,0.1130279999999999
7.75,15.5,1.0,0.0027676666666683523,4,0.008303000000005056
415.7142857142857,638.3086281430831,0.75,0.004378166666666683,7,0.026269000000000098
44.03225806451613,74.28839472890668,1.2142857142857142,0.007635599999999965,31,0.22906799999999894
67.66666666666667,144.826332780564,1.0,0.11395999999999998,6,0.5697999999999999
22.5,31.81980515339464,1.0,0.2567050000000002,2,0.2567050000000002
22.5,31.81980515339464,1.0,0.21755300000000233,2,0.21755300000000233
135.2,253.00731214729745,1.5,0.1146427499999998,5,0.4585709999999992
149.8,285.53931428088845,1.5,0.11744474999999888,5,0.4697789999999955
177.75,310.5855069749024,1.6666666666666667,0.13036799999999918,8,0.9125759999999943
210.8,421.6523449478255,1.5,0.2241572499999993,5,0.8966289999999972
22.5,31.81980515339464,1.0,0.2182509999999951,2,0.2182509999999951
0.0,-1.0,-1.0,-1.0,1,0.002203999999991879
358.3529411764706,520.6147737502835,1.125,0.014240937499999995,17,0.22785499999999992
0.0,0.0,1.0,0.006710333333333078,4,0.020130999999999233
,-1.0,-1.0,-0.0,0,0.0
,-1.0,-1.0,-0.0,0,0.0
0.0,0.0,-1.0,0.0,2,0.0
0.0,0.0,1.0,0.02614300000000025,2,0.02614300000000025
,-1.0,-1.0,-0.0,0,0.0
0.0,0.0,-1.0,1.0000000010279564e-06,2,1.0000000010279564e-06
218.45833333333334,450.6007563982407,1.0,0.036850086956521755,24,0.8475520000000003
16.5,23.33452377915607,1.0,0.019607000000000596,2,0.019607000000000596
16.5,23.33452377915607,1.0,0.01886899999999514,2,0.01886899999999514
16.5,23.33452377915607,1.0,0.01677799999998797,2,0.01677799999998797
16.5,23.33452377915607,1.0,0.0171579999999949,2,0.0171579999999949
16.5,23.33452377915607,1.0,0.018021000000004506,2,0.018021000000004506
16.5,23.33452377915607,1.0,0.026168000000012626,2,0.026168000000012626
16.5,23.33452377915607,1.0,0.018164999999982,2,0.018164999999982
16.5,23.33452377915607,1.0,0.018923999999969965,2,0.018923999999969965
16.5,23.33452377915607,1.0,0.016883000000007087,2,0.016883000000007087
16.5,23.33452377915607,1.0,0.01666899999997895,2,0.01666899999997895
16.5,23.33452377915607,1.0,0.01704699999999093,2,0.01704699999999093
16.5,23.33452377915607,1.0,0.01888400000001411,2,0.01888400000001411
16.5,23.33452377915607,1.0,0.018904999999961092,2,0.018904999999961092
16.5,23.33452377915607,1.0,0.01658199999997123,2,0.01658199999997123
16.5,23.33452377915607,1.0,0.021772000000055414,2,0.021772000000055414
16.5,23.33452377915607,1.0,0.019644000000084816,2,0.019644000000084816
16.5,23.33452377915607,1.0,0.022480999999970663,2,0.022480999999970663
16.5,23.33452377915607,1.0,0.017067999999994754,2,0.017067999999994754
16.5,23.33452377915607,1.0,0.02529699999990953,2,0.02529699999990953
16.5,23.33452377915607,1.0,0.022156999999992877,2,0.022156999999992877
16.5,19.05255888325765,1.0,0.006434999999972509,4,0.019304999999917527
16.5,23.33452377915607,1.0,0.044862999999963904,2,0.044862999999963904
16.5,23.33452377915607,1.0,0.017347999999969943,2,0.017347999999969943
16.5,23.33452377915607,1.0,0.01834099999996397,2,0.01834099999996397
16.5,23.33452377915607,1.0,0.018119999999953507,2,0.018119999999953507
16.5,23.33452377915607,1.0,0.0214930000000777,2,0.0214930000000777
16.5,23.33452377915607,1.0,0.017343999999980042,2,0.017343999999980042
13.2,18.074844397670482,0.6666666666666666,0.04385975000002418,5,0.1754390000000967
11.0,19.05255888325765,0.5,0.008929500000022017,3,0.017859000000044034
16.5,23.33452377915607,1.0,0.017943000000059328,2,0.017943000000059328
16.5,23.33452377915607,1.0,0.01805500000000393,2,0.01805500000000393
16.5,23.33452377915607,1.0,0.020203999999921507,2,0.020203999999921507
16.5,23.33452377915607,1.0,0.01976600000000417,2,0.01976600000000417
16.5,23.33452377915607,1.0,0.016757999999867934,2,0.016757999999867934
16.5,23.33452377915607,1.0,0.01675300000010793,2,0.01675300000010793
16.5,23.33452377915607,1.0,0.019373999999970692,2,0.019373999999970692
16.5,23.33452377915607,1.0,0.019279999999980646,2,0.019279999999980646
16.5,23.33452377915607,1.0,0.017929999999978463,2,0.017929999999978463
16.5,23.33452377915607,1.0,0.018334999999979118,2,0.018334999999979118
16.5,23.33452377915607,1.0,0.01861400000007052,2,0.01861400000007052
16.5,23.33452377915607,1.0,0.018113999999968655,2,0.018113999999968655
16.5,23.33452377915607,1.0,0.01832100000024184,2,0.01832100000024184
16.5,23.33452377915607,1.0,0.02016000000025997,2,0.02016000000025997
16.5,23.33452377915607,1.0,0.018502000000125918,2,0.018502000000125918
16.5,23.33452377915607,1.0,0.017783000000008542,2,0.017783000000008542
0.0,-1.0,0.0,-1.0,1,0.06460799999999889
323.1,508.756678476791,1.2222222222222223,0.02967157894736834,20,0.5637599999999985
4.428571428571429,11.716898663286042,1.3333333333333333,0.011421666666667107,7,0.06853000000000264
377.8421052631579,557.3404368723835,1.1111111111111112,0.004326777777777815,19,0.07788200000000067
6.2,13.863621460498697,1.5,0.001310499999998882,5,0.005241999999995528
288.89473684210526,494.1077137108244,0.9,0.05200266666666664,19,0.9360479999999995
154.28571428571428,145.31886122789234,-1.0,0.13379300000000013,7,0.8027580000000007
151.14285714285714,141.38885926341413,-1.0,0.1526341666666665,7,0.9158049999999989
,-1.0,-1.0,-0.0,0,0.0
0.0,0.0,-1.0,0.22240100000000496,2,0.22240100000000496
0.0,0.0,1.0,0.21839999999999993,2,0.21839999999999993
212.26666666666668,425.9060875384371,1.3076923076923077,0.031747758620689646,30,0.9206849999999998
196.2,351.58668916783523,1.5,0.05466299999999791,5,0.21865199999999163
5.166666666666667,12.655697004379753,1.0,0.04403820000000565,6,0.22019100000002823
347.1111111111111,497.64254699047126,1.0,0.017416764705882336,18,0.2960849999999997
6.2,13.863621460498697,1.5,0.023281250000000142,5,0.09312500000000057
0.0,0.0,1.0,0.21164999999999967,2,0.21164999999999967
,-1.0,-1.0,-0.0,0,0.0
0.0,0.0,-1.0,1.0000000010279564e-06,2,1.0000000010279564e-06
244.85714285714286,253.48137904747466,-1.0,0.11694149999999996,7,0.7016489999999997
505.75,568.026847957031,-1.0,0.1333951428571429,8,0.9337660000000003
877.0,-1.0,-1.0,-1.0,1,0.0005930000000002877
0.0,0.0,-1.0,0.0020239999999986935,2,0.0020239999999986935
131.54545454545453,247.89730278337584,1.2,0.02151879999999995,11,0.2151879999999995
6.2,13.863621460498697,1.5,0.017135499999998416,5,0.06854199999999366
136.83333333333334,207.30251646647548,1.4,0.0204164545454546,12,0.22458100000000059
6.2,13.863621460498697,1.5,0.01713099999999912,5,0.06852399999999648
,-1.0,-1.0,-0.0,0,0.0
0.0,0.0,-1.0,9.999999974752427e-07,2,9.999999974752427e-07
239.77272727272728,434.62451575695735,1.4444444444444444,0.023582000000000002,22,0.49522200000000005
354.14285714285717,557.695651373076,1.0,0.07445884615384599,14,0.9679649999999977
256.5,299.208400060337,-1.0,0.11301066666666652,4,0.33903199999999956
450.5,637.1032098490793,-1.0,0.3508819999999986,2,0.3508819999999986
282.5,399.51533137039934,-1.0,0.3069929999999985,2,0.3069929999999985
522.5,738.9265863399422,-1.0,0.353907999999997,2,0.353907999999997
482.5,682.3580438450184,-1.0,0.33203000000000316,2,0.33203000000000316
7.666666666666667,13.279056191361391,-1.0,0.0009455000000002656,3,0.0018910000000005311
0.0,0.0,1.0,0.34008799999999795,2,0.34008799999999795
68.0,129.36189547158003,-1.0,0.24081774999999972,5,0.9632709999999989
297.0,-1.0,-1.0,-1.0,1,0.06177600000000183
297.0,-1.0,-1.0,-1.0,1,0.0056879999999956965
297.0,-1.0,-1.0,-1.0,1,0.06441700000000594
297.0,-1.0,-1.0,-1.0,1,0.06251400000000018
0.0,0.0,-1.0,0.3066120000000012,2,0.3066120000000012
59.421052631578945,76.67051859125925,1.375,0.012562055555555476,19,0.22611699999999857
0.0,-1.0,0.0,-1.0,1,0.000844000000000733
,-1.0,-1.0,-0.0,0,0.0
,-1.0,-1.0,-0.0,0,0.0
,-1.0,-1.0,-0.0,0,0.0
,-1.0,-1.0,-0.0,0,0.0
,-1.0,-1.0,-0.0,0,0.0
,-1.0,-1.0,-0.0,0,0.0
,-1.0,-1.0,-0.0,0,0.0
183.8181818181818,394.0405630997466,1.4444444444444444,0.009533142857142775,22,0.20019599999999826
15.5,21.920310216782973,-1.0,5.000000001587068e-06,2,5.000000001587068e-06
258.36,467.10757861546193,1.2727272727272727,0.02046741666666681,25,0.4912180000000035
354.14285714285717,557.695651373076,1.0,0.07061530769230782,14,0.9179990000000018
326.2,186.0932561916202,-1.0,0.19831174999999934,5,0.7932469999999974
,-1.0,-1.0,-0.0,0,0.0
7.666666666666667,13.279056191361391,-1.0,0.00027550000000076125,3,0.0005510000000015225
15.5,21.920310216782973,-1.0,2.5000000000829914e-05,2,2.5000000000829914e-05
0.0,0.0,1.0,0.3053549999999987,2,0.3053549999999987
62.72222222222222,77.49140791503012,1.5714285714285714,0.011035647058823669,18,0.18760600000000238
5.166666666666667,12.655697004379753,0.5,0.03243520000000046,6,0.16217600000000232
79.78947368421052,132.61539166048246,1.375,0.013009500000000193,19,0.23417100000000346
5.166666666666667,12.655697004379753,0.5,0.032371599999999744,6,0.16185799999999873
236.5909090909091,460.61580510596883,1.4444444444444444,0.005071333333333428,22,0.10649800000000198
812.9484536082474,665.8503198909606,0.6440677966101694,0.0006798501291989663,388,0.26310199999999995
243.0,343.6538956566621,-1.0,0.34949299999999894,2,0.34949299999999894
489.0,-1.0,-1.0,-1.0,1,0.05776000000000181
0.0,0.0,-1.0,0.2879270000000034,2,0.2879270000000034
843.713785046729,659.8546330053607,0.5851851851851851,0.0008120795321637453,856,0.6943280000000023
825.8108108108108,662.8305276857903,0.6086956521739131,0.0016350425531914921,518,0.8453170000000014
5.166666666666667,12.655697004379753,1.0,0.0010826000000001557,6,0.005413000000000778
15.5,21.920310216782973,-1.0,1.999999998503199e-06,2,1.999999998503199e-06
848.7531914893617,657.8230829457545,0.5719063545150501,0.0007613141640042618,940,0.7148740000000018
842.741,657.7343905007913,0.5772870662460567,0.0008390860860860887,1000,0.8382470000000026
3.1,9.803060746521977,-1.0,0.002296333333333283,10,0.020666999999999547
825.5123762376238,663.2281590257654,0.6127744510978044,0.0012228252788104108,808,0.9868200000000016
852.0373280943026,659.5090399689158,0.5856697819314641,0.0007438444881889784,509,0.377873000000001
15.5,21.920310216782973,-1.0,1.100000000064938e-05,2,1.100000000064938e-05
804.8478513356562,669.370237757819,0.6783625730994152,0.0011618325581395372,861,0.9991760000000021
785.4903225806452,677.8113399524067,0.7222222222222222,0.0010467532467532527,155,0.1612000000000009
844.515444015444,655.7777011900012,0.5602409638554217,0.0008223346228239827,518,0.42514699999999905
833.882,660.2230976076304,0.5923566878980892,0.0009949459459459452,1000,0.9939509999999991
745.7764705882353,666.3933197313979,0.7346938775510204,0.000951535714285671,85,0.07992899999999636
845.1355263157894,659.036899649674,0.5637860082304527,0.0013163438735177867,760,0.9991050000000001
793.2003129890454,670.58206873506,0.6860158311345647,0.0012485705329153603,639,0.7965879999999999
842.0621669626998,658.1865775458264,0.5770308123249299,0.0010059697508896803,563,0.5653550000000003
841.615796519411,659.4316859512155,0.5726315789473684,0.0013207694369973186,747,0.9852939999999997
1069.67387687188,560.4986471584431,0.26526315789473687,0.0008932400000000011,601,0.5359440000000006
15.5,21.920310216782973,-1.0,2.9999999995311555e-06,2,2.9999999995311555e-06
1346.2857142857142,57.450599897402526,-1.0,0.002494333333333524,7,0.014966000000001145
854.757685352622,652.4333570412689,0.5533707865168539,0.0010043786231884008,553,0.5544169999999973
849.3900293255132,659.9886265341834,0.5787037037037037,0.0014674992657856033,682,0.9993669999999959
0.36046511627906974,3.3428159693065913,-1.0,0.002150729411764729,86,0.18281200000000197
854.3234984193888,656.4941791544671,0.5634266886326195,0.0010533027426160337,949,0.9985309999999998
812.8095238095239,663.5952871058719,0.6153846153846154,0.0007689193548387037,63,0.04767299999999963
782.1962774957699,671.6242331560042,0.7031700288184438,0.0015910101694915197,591,0.9386959999999966
845.1806282722513,662.5250548671609,0.5983263598326359,0.0010347798165137652,764,0.7895370000000028
832.5529411764705,662.0074524822272,0.5824468085106383,0.001023671717171716,595,0.6080609999999993
921.376,636.2153272018575,0.4556040756914119,0.0009771671671671698,1000,0.9761900000000026
0.0,0.0,-1.0,0.0028006890756302467,358,0.999845999999998
0.0,-1.0,-1.0,-1.0,1,1.8000000000739647e-05
823.4244604316547,667.088160232111,0.6391509433962265,0.0008273458213256482,695,0.5741779999999999
824.058949624866,662.0581073503575,0.6058519793459552,0.0010668894849785392,933,0.9943409999999986
844.5964691046659,657.4583664566759,0.5458089668615984,0.0012475164141414116,793,0.9880329999999979
786.4545454545455,670.2035807704729,0.6748971193415638,0.0015309384236453197,407,0.6215609999999998
1322.6603773584907,229.06929235672035,-1.0,0.001817238095238086,106,0.19080999999999904
839.176,657.8594470523898,0.5772870662460567,0.000985845845845847,1000,0.9848600000000012
800.4372093023255,667.8320802665844,0.6538461538461539,0.001551501552795031,645,0.9991669999999999
772.4432989690722,666.1937119604703,0.6724137931034483,0.001384791666666681,97,0.1329400000000014
832.6129032258065,664.3913413369911,0.6082289803220036,0.0011131336302895305,899,0.9995939999999983
0.5166666666666667,4.002082791080998,-1.0,0.0038028135593220313,60,0.22436599999999984
835.9086294416244,657.2636749364019,0.561014263074485,0.0009996758130081272,985,0.9836809999999971
805.075,660.0604799461851,0.5770609318996416,0.0017342551252847265,440,0.761337999999995
849.1076732673267,658.8856215200639,0.5689320388349515,0.0012180408921933098,808,0.982959000000001
1096.7986577181207,534.6874914691251,0.22131147540983606,0.0018098720538720378,298,0.5375319999999952
1324.568306010929,204.33176957916123,-1.0,0.001824653284671526,549,0.9999099999999963
16.0,-1.0,-1.0,-1.0,1,2.9999999995311555e-06
844.6627906976744,656.4095713218976,0.5662251655629139,0.001056366137566135,946,0.9982659999999974
0.15979381443298968,2.225670291714988,-1.0,0.003836134715025921,194,0.7403740000000028
844.2996632996633,658.5433423067276,0.5742049469964664,0.0011216292134831485,891,0.9982500000000023
903.4966887417219,634.6453952931473,0.47317073170731705,0.0015814179104477611,604,0.953595
1143.03,501.8754615329274,0.17647058823529413,0.0009830000000000032,100,0.09731700000000032
845.9797395079595,657.6994597071389,0.5740318906605922,0.0014442304347826076,691,0.9965189999999993
841.9377537212449,662.8938335831277,0.6030368763557483,0.0013516883468834685,739,0.9975459999999998
0.29245283018867924,3.010986173307519,-1.0,0.0018917238095237652,106,0.19863099999999534
1358.46,63.04758824759585,-1.0,0.0022717474747474867,100,0.22490300000000119
846.8298611111111,658.4042386233536,0.5780821917808219,0.0015111286956521722,576,0.868898999999999
1330.0385852090033,144.3423298405508,-1.0,0.0023979741935483898,311,0.7433720000000008
816.9692496924969,666.1621407898583,0.6490872210953347,0.0012293928571428597,813,0.998267000000002
722.9918032786885,681.2018607864118,0.7941176470588235,0.0007320413223140855,122,0.08857700000000435
833.1844660194175,660.5898897090733,0.5665399239543726,0.0006627493917274888,412,0.2723899999999979
827.475,663.8935321246901,0.6181229773462783,0.000724220220220221,1000,0.7234960000000008
792.3589743589744,664.4560214846273,0.6545454545454545,0.0014865036764705904,273,0.4043290000000006
787.4965675057208,670.9294512415123,0.7003891050583657,0.002252084862385317,437,0.9819089999999981
831.8006993006993,666.5111049557107,0.6022408963585434,0.0006128301225919438,572,0.34992599999999996
841.7733598409543,658.0773549557995,0.5768025078369906,0.0012401812749003997,503,0.6225710000000007
836.4757575757576,662.4144386018992,0.5789473684210527,0.002291945288753798,330,0.7540499999999994
904.3706365503081,636.6263222673921,0.46686746987951805,0.0009438324768756415,974,0.9183489999999992
1139.7281795511221,498.39493218624085,0.16231884057971013,0.0010651325000000079,401,0.4260530000000031
802.787,669.7341005178073,0.639344262295082,0.0008132102102102074,1000,0.8123969999999971
826.272,667.7106705419313,0.6,0.0009287867867867802,1000,0.9278579999999934
782.9458762886597,673.4503579774486,0.6371308016877637,0.0008151421188630441,388,0.3154599999999981
830.946,664.9781492823828,0.6181229773462783,0.0009027167167167149,1000,0.9018139999999981
813.2152466367713,667.8130690079405,0.6397058823529411,0.0012999528089887755,446,0.5784790000000051
4.428571428571429,11.716898663286042,1.3333333333333333,0.0011999999999995719,7,0.007199999999997431
1319.3157894736842,230.09754398741737,-1.0,0.0013726953642383955,152,0.2072769999999977
135.32432432432432,320.457316801929,1.3125,0.002689361111111054,37,0.09681699999999793
120.15,306.1546910824573,1.2222222222222223,0.0029453333333333666,40,0.1148680000000013
364.6470588235294,554.6776231263958,1.125,0.018359878787878852,34,0.6058760000000021
347.8857142857143,547.4025710479591,1.1875,0.017926676470588255,35,0.6095070000000007
366.8285714285714,546.6121049494888,1.0588235294117647,0.019936941176470543,35,0.6778559999999985
258.48,474.60774329966426,1.2727272727272727,0.02161054166666639,25,0.5186529999999934
272.0,455.5474728280248,1.125,0.005387500000000323,17,0.08620000000000516
196.75,371.17953876796605,1.0,0.009251000000001378,4,0.027753000000004135
0.0,0.0,2.0,0.00497450000000299,3,0.00994900000000598
231.82142857142858,447.8424866592525,1.3333333333333333,0.01836900000000012,28,0.49596300000000326
268.52941176470586,453.9976758815868,1.125,0.008040124999999954,17,0.12864199999999926
182.71428571428572,301.4657052279271,0.75,0.045372333333332904,7,0.2722339999999974
77.71428571428571,176.3573212597219,0.75,0.0067606666666672295,7,0.040564000000003375
0.0,0.0,2.0,0.004975999999999203,3,0.009951999999998407
463.0151515151515,598.5714658809754,0.9411764705882353,0.014007738461538547,66,0.9105030000000056
253.6,327.37588706038116,1.5,0.0032893571428570362,15,0.04605099999999851
436.0377358490566,554.5610863995247,0.9629629629629629,0.014101711538461523,53,0.7332889999999992
257.85714285714283,403.3682907988406,1.3333333333333333,0.05412676923076932,14,0.7036480000000012
10.8,17.862437310363518,1.5,0.0008642222222224265,10,0.007778000000001839
263.42857142857144,474.82943749202684,1.5454545454545454,0.0020069259259258843,28,0.054186999999998875
10.8,17.862437310363518,1.5,0.000941444444444686,10,0.008473000000002173
471.72093023255815,629.7815314921818,1.0476190476190477,0.0008325476190476607,43,0.03496700000000175
10.8,17.862437310363518,1.0,0.0006386666666671204,10,0.005748000000004083
682.1322314049587,665.4885572169528,0.7664233576642335,0.0008571659751037465,242,0.2065770000000029
736.4358974358975,670.7179223401009,0.6956521739130435,0.0007557354838709784,156,0.11713900000000166
10.8,17.862437310363518,1.5,0.0008611111111112754,10,0.007750000000001478
227.57692307692307,440.4659508363318,1.3636363636363635,0.0015491999999997575,26,0.038729999999993936
10.8,17.862437310363518,1.5,0.0008658888888888328,10,0.007792999999999495
693.1294964028777,670.8400825704581,0.8051948051948052,0.0003451155234656965,278,0.09559699999999793
624.1724137931035,658.7314000951104,0.8125,0.0002974736842105336,58,0.016956000000000415
10.8,17.862437310363518,1.5,0.000859333333333249,10,0.0077339999999992415
240.7037037037037,455.2197960085465,1.4545454545454546,0.0017782692307690695,27,0.04623499999999581
10.8,17.862437310363518,1.5,0.0008651111111106502,10,0.007785999999995852
148.1818181818182,348.4434543926617,1.2,0.003438468749999979,33,0.11003099999999932
61.1764705882353,95.67473235794655,0.8888888888888888,0.004127374999999933,17,0.06603799999999893
4.428571428571429,11.716898663286042,0.75,0.0011183333333330363,7,0.006709999999998217
217.38709677419354,431.8210028410194,1.3846153846153846,0.0038366666666666068,31,0.1150999999999982
35.68421052631579,46.29501128820944,0.9,0.00398988888888891,19,0.07181800000000038
4.428571428571429,11.716898663286042,0.75,0.0011161666666659187,7,0.006696999999995512
261.84,461.805395522111,1.2727272727272727,0.019691791666666642,25,0.47260299999999944
62.72222222222222,77.49140791503012,1.5714285714285714,0.011008823529411918,18,0.1871500000000026
117.11764705882354,229.98855470244087,1.125,0.009419312500000387,17,0.1507090000000062
0.0,0.0,-1.0,0.0035840000000035843,3,0.007168000000007169
630.3897058823529,657.302018329971,0.7662337662337663,0.0034685259259258894,136,0.4682509999999951
228.74157303370785,434.4518366466866,1.4722222222222223,0.00910925000000009,89,0.8016140000000078
39.0,49.1121166312347,1.0,0.026211000000001167,4,0.0786330000000035
0.0,-1.0,0.0,-1.0,1,0.007346000000005404
138.28571428571428,295.6696998824388,1.3333333333333333,0.16611133333333328,7,0.9966679999999997
52.5,35.0,-1.0,0.2468743333333331,4,0.7406229999999994
27.0,38.18376618407357,-1.0,0.6450260000000014,2,0.6450260000000014
0.0,0.0,-1.0,0.03267400000000009,2,0.03267400000000009
93.33333333333333,215.22546317757107,-1.0,0.11701474999999917,9,0.9361179999999933
0.0,-1.0,-1.0,-1.0,1,0.011111999999997124
0.0,-1.0,-1.0,-1.0,1,0.011668999999997709
0.0,-1.0,-1.0,-1.0,1,0.015503999999992857
31.0,33.68764080278022,-1.0,0.14228800000000064,8,0.9960160000000045
17.5,35.0,-1.0,0.18868200000000002,4,0.566046
35.6,33.14815228636432,-1.0,0.2040412499999995,5,0.816164999999998
0.0,0.0,-1.0,0.02386500000000069,2,0.02386500000000069
,-1.0,-1.0,-0.0,0,0.0
0.0,-1.0,-1.0,-1.0,1,0.013504999999994993
27.0,38.18376618407357,-1.0,0.018354000000016413,2,0.018354000000016413
0.0,-1.0,-1.0,-1.0,1,0.015304000000000428
0.0,-1.0,-1.0,-1.0,1,0.01598099999999647
27.0,38.18376618407357,-1.0,0.010874999999998636,2,0.010874999999998636
18.0,31.176914536239792,-1.0,0.37658050000000287,3,0.7531610000000057
27.0,29.57701810527897,-1.0,0.14696899999999857,6,0.7348449999999929
27.0,29.57701810527897,-1.0,0.1977757999999966,6,0.988878999999983
0.0,-1.0,-1.0,-1.0,1,0.027736000000004424
0.0,-1.0,-1.0,-1.0,1,0.19633000000000322
13.5,27.0,-1.0,0.21085199999999796,4,0.6325559999999939
18.0,27.0,-1.0,0.06801587500000039,9,0.5441270000000031
35.0,49.49747468305833,-1.0,0.07386200000000542,2,0.07386200000000542
0.0,-1.0,-1.0,-1.0,1,0.015814999999989254
27.0,38.18376618407357,-1.0,0.012253999999998655,2,0.012253999999998655
23.333333333333332,40.414518843273804,-1.0,0.12702250000000248,3,0.25404500000000496
18.0,31.176914536239792,-1.0,0.02799399999999963,3,0.05598799999999926
27.0,31.176914536239792,-1.0,0.28222900000000095,4,0.8466870000000029
0.0,-1.0,-1.0,-1.0,1,0.011995000000013079
27.0,31.176914536239792,-1.0,0.05946700000000268,4,0.17840100000000803
0.0,-1.0,-1.0,-1.0,1,0.012382000000002336
0.0,-1.0,-1.0,-1.0,1,0.011172999999999433
27.0,38.18376618407357,-1.0,0.010932999999994308,2,0.010932999999994308
18.0,31.176914536239792,-1.0,0.4883895000000038,3,0.9767790000000076
27.0,38.18376618407357,-1.0,0.010881000000011909,2,0.010881000000011909
23.333333333333332,40.414518843273804,-1.0,0.08507399999999876,3,0.17014799999999752
27.0,31.176914536239792,-1.0,0.3019606666666685,4,0.9058820000000054
0.0,-1.0,-1.0,-1.0,1,0.014031000000002791
27.0,31.176914536239792,-1.0,0.0621583333333291,4,0.1864749999999873
0.0,-1.0,-1.0,-1.0,1,0.012870999999989863
0.0,-1.0,-1.0,-1.0,1,0.012145000000003847
27.0,38.18376618407357,-1.0,0.033888999999987846,2,0.033888999999987846
18.0,31.176914536239792,-1.0,0.46587250000000324,3,0.9317450000000065
18.0,31.176914536239792,-1.0,0.006936999999993532,3,0.013873999999987063
23.333333333333332,40.414518843273804,-1.0,0.0716329999999914,3,0.1432659999999828
27.0,31.176914536239792,-1.0,0.2846176666666717,4,0.8538530000000151
0.0,-1.0,-1.0,-1.0,1,0.016097000000002026
27.0,29.57701810527897,-1.0,0.12999040000000264,6,0.6499520000000132
0.0,-1.0,-1.0,-1.0,1,0.013512999999989006
0.0,-1.0,-1.0,-1.0,1,0.05242300000000455
27.0,38.18376618407357,-1.0,0.013906000000019958,2,0.013906000000019958
18.0,31.176914536239792,-1.0,0.4687925000000064,3,0.9375850000000128
27.0,38.18376618407357,-1.0,0.012124000000000024,2,0.012124000000000024
91.0,128.69343417595164,-1.0,0.9746049999999968,2,0.9746049999999968
0.0,-1.0,-1.0,-1.0,1,0.01298500000001468
0.0,-1.0,-1.0,-1.0,1,0.013561000000009926
0.0,-1.0,-1.0,-1.0,1,0.014755000000008067
0.0,-1.0,-1.0,-1.0,1,0.011388999999979887
0.0,-1.0,-1.0,-1.0,1,0.04298000000000002
0.0,-1.0,-1.0,-1.0,1,0.01396799999997711
0.0,-1.0,-1.0,-1.0,1,0.023590999999981932
0.0,-1.0,-1.0,-1.0,1,0.017077999999997928
0.0,-1.0,-1.0,-1.0,1,0.013099000000011074
166.0,156.57160236347673,-1.0,0.12408499999998905,4,0.37225499999996714
0.0,-1.0,-1.0,-1.0,1,0.013870999999994638
0.0,-1.0,-1.0,-1.0,1,0.01649800000001278
0.0,-1.0,-1.0,-1.0,1,0.013748000000020966
0.0,-1.0,-1.0,-1.0,1,0.013711000000000695
0.0,-1.0,-1.0,-1.0,1,0.012337999999971316
0.0,-1.0,-1.0,-1.0,1,0.012307000000021162
0.0,-1.0,-1.0,-1.0,1,0.011497000000019852
0.0,-1.0,-1.0,-1.0,1,0.013818999999955395
0.0,-1.0,-1.0,-1.0,1,0.01652999999998883
0.0,-1.0,-1.0,-1.0,1,0.013474000000030628
0.0,-1.0,-1.0,-1.0,1,0.012424000000009983
0.0,-1.0,-1.0,-1.0,1,0.01449800000000323
0.0,-1.0,-1.0,-1.0,1,0.012371000000030108
0.0,-1.0,-1.0,-1.0,1,0.014967999999953463
0.0,-1.0,-1.0,-1.0,1,0.038879000000008546
0.0,-1.0,-1.0,-1.0,1,0.043574999999975716
0.0,-1.0,-1.0,-1.0,1,0.023820999999998094
0.0,-1.0,-1.0,-1.0,1,0.012384999999937918
0.0,-1.0,-1.0,-1.0,1,0.01447999999993499
0.0,-1.0,-1.0,-1.0,1,0.017612999999983003
0.0,-1.0,-1.0,-1.0,1,0.017136999999991076
0.0,-1.0,-1.0,-1.0,1,0.01311100000003762
0.0,-1.0,-1.0,-1.0,1,0.0160979999999995
0.0,-1.0,-1.0,-1.0,1,0.013562999999976455
0.0,-1.0,-1.0,-1.0,1,0.013547999999957483
0.0,-1.0,-1.0,-1.0,1,0.016166999999995824
0.0,-1.0,-1.0,-1.0,1,0.017944999999997435
0.0,-1.0,-1.0,-1.0,1,0.01625699999999597
0.0,-1.0,-1.0,-1.0,1,0.011088000000029297
91.0,128.69343417595164,-1.0,0.36154799999997067,2,0.36154799999997067
,-1.0,-1.0,-0.0,0,0.0
0.0,-1.0,-1.0,-1.0,1,0.01864100000000235
0.0,-1.0,-1.0,-1.0,1,0.014651000000014847
0.0,-1.0,-1.0,-1.0,1,0.015484000000071774
0.0,-1.0,-1.0,-1.0,1,0.014564999999947759
0.0,-1.0,-1.0,-1.0,1,0.014195000000029268
0.0,-1.0,-1.0,-1.0,1,0.01082000000002381
0.0,-1.0,-1.0,-1.0,1,0.012535000000013952
0.0,-1.0,-1.0,-1.0,1,0.0508530000000178
0.0,-1.0,-1.0,-1.0,1,0.016821999999990567
0.0,-1.0,-1.0,-1.0,1,0.03723900000005642
0.0,-1.0,-1.0,-1.0,1,0.011833000000024185
0.0,-1.0,-1.0,-1.0,1,0.014809000000013839
0.0,-1.0,-1.0,-1.0,1,0.01899399999990692
0.0,-1.0,-1.0,-1.0,1,0.011562000000026273
0.0,-1.0,-1.0,-1.0,1,0.012586999999996351
0.0,-1.0,-1.0,-1.0,1,0.013434999999958563
0.0,-1.0,-1.0,-1.0,1,0.015399999999999636
0.0,-1.0,-1.0,-1.0,1,0.016476999999952113
0.0,-1.0,-1.0,-1.0,1,0.012107000000014523
35.0,49.49747468305833,-1.0,0.23092699999995148,2,0.23092699999995148
0.0,-1.0,-1.0,-1.0,1,0.014537000000018452
0.0,-1.0,-1.0,-1.0,1,0.015307000000063908
0.0,-1.0,-1.0,-1.0,1,0.01611900000006017
182.0,-1.0,-1.0,-1.0,1,0.04671200000001363
0.0,-1.0,-1.0,-1.0,1,0.010648999999943953
0.0,-1.0,-1.0,-1.0,1,0.016513000000031752
0.0,-1.0,-1.0,-1.0,1,0.013039999999989504
0.0,-1.0,-1.0,-1.0,1,0.014546999999993204
0.0,-1.0,-1.0,-1.0,1,0.014046000000007552
0.0,-1.0,-1.0,-1.0,1,0.019557999999960884
0.0,-1.0,-1.0,-1.0,1,0.05240300000002662
0.0,-1.0,-1.0,-1.0,1,0.014822999999978492
0.0,-1.0,-1.0,-1.0,1,0.01633300000003146
0.0,-1.0,-1.0,-1.0,1,0.015039000000001579
0.0,-1.0,-1.0,-1.0,1,0.014398000000028333
0.0,-1.0,-1.0,-1.0,1,0.014499000000000706
0.0,-1.0,-1.0,-1.0,1,0.04230100000006587
0.0,-1.0,-1.0,-1.0,1,0.01190499999995609
0.0,-1.0,-1.0,-1.0,1,0.01572400000009111
0.0,-1.0,-1.0,-1.0,1,0.014004999999883694
0.0,-1.0,-1.0,-1.0,1,0.013473999999973785
0.0,-1.0,-1.0,-1.0,1,0.017819000000031338
0.0,-1.0,-1.0,-1.0,1,0.021589999999946485
0.0,-1.0,-1.0,-1.0,1,0.011027000000012777
0.0,-1.0,-1.0,-1.0,1,0.01577199999996992
0.0,-1.0,-1.0,-1.0,1,0.019265000000018517
0.0,-1.0,-1.0,-1.0,1,0.02006600000004255
179.0,253.144227664784,-1.0,0.49232100000006085,2,0.49232100000006085
0.0,-1.0,-1.0,-1.0,1,0.01296799999988707
0.0,-1.0,-1.0,-1.0,1,0.013799999999946522
0.0,-1.0,-1.0,-1.0,1,0.049537999999984095
0.0,-1.0,-1.0,-1.0,1,0.012715000000071086
0.0,-1.0,-1.0,-1.0,1,0.012661999999977525
0.0,-1.0,-1.0,-1.0,1,0.013773999999898479
,-1.0,-1.0,-0.0,0,0.0
0.0,-1.0,-1.0,-1.0,1,0.01566800000011881
0.0,-1.0,-1.0,-1.0,1,0.01338999999995849
115.0,162.63455967290594,-1.0,0.10235600000009981,2,0.10235600000009981
0.0,-1.0,-1.0,-1.0,1,0.02946699999995417
0.0,-1.0,-1.0,-1.0,1,0.013352000000054431
35.0,49.49747468305833,-1.0,0.05074899999988247,2,0.05074899999988247
,-1.0,-1.0,-0.0,0,0.0
259.0,366.2813126546316,-1.0,0.960407000000032,2,0.960407000000032
,-1.0,-1.0,-0.0,0,0.0
0.0,-1.0,-1.0,-1.0,1,0.012144999999918582
,-1.0,-1.0,-0.0,0,0.0
35.0,49.49747468305833,-1.0,0.12276500000007218,2,0.12276500000007218
,-1.0,-1.0,-0.0,0,0.0
163.0,230.5168106668145,-1.0,0.8072089999999434,2,0.8072089999999434
,-1.0,-1.0,-0.0,0,0.0
0.0,-1.0,-1.0,-1.0,1,0.010711000000014792
,-1.0,-1.0,-0.0,0,0.0
35.0,49.49747468305833,-1.0,0.2754580000000715,2,0.2754580000000715
,-1.0,-1.0,-0.0,0,0.0
379.0,535.986940139403,-1.0,0.7042390000000296,2,0.7042390000000296
,-1.0,-1.0,-0.0,0,0.0
0.0,-1.0,-1.0,-1.0,1,0.011467000000038752
,-1.0,-1.0,-0.0,0,0.0
35.0,49.49747468305833,-1.0,0.521551000000045,2,0.521551000000045
,-1.0,-1.0,-0.0,0,0.0
0.0,-1.0,-1.0,-1.0,1,0.01611899999988964
0.0,-1.0,-1.0,-1.0,1,0.013218000000051688
35.0,49.49747468305833,-1.0,0.6142979999999625,2,0.6142979999999625
0.0,-1.0,-1.0,-1.0,1,0.013309999999933098
0.0,-1.0,-1.0,-1.0,1,0.016905999999949017
0.0,-1.0,-1.0,-1.0,1,0.013818000000014763
0.0,-1.0,-1.0,-1.0,1,0.016250000000013642
0.0,-1.0,-1.0,-1.0,1,0.012636000000043168
0.0,-1.0,-1.0,-1.0,1,0.03170599999998558
,-1.0,-1.0,-0.0,0,0.0
0.0,-1.0,-1.0,-1.0,1,0.013505999999892992
0.0,-1.0,-1.0,-1.0,1,0.014562999999952808
0.0,-1.0,-1.0,-1.0,1,0.012533999999959633
0.0,-1.0,-1.0,-1.0,1,0.011807999999973617
0.0,-1.0,-1.0,-1.0,1,0.014352000000030785
,-1.0,-1.0,-0.0,0,0.0
0.0,-1.0,-1.0,-1.0,1,0.014931000000046879
0.0,-1.0,-1.0,-1.0,1,0.02267800000004172
0.0,-1.0,-1.0,-1.0,1,0.016626999999971304
0.0,-1.0,-1.0,-1.0,1,0.018291999999973996
0.0,-1.0,-1.0,-1.0,1,0.01332999999999629
0.0,-1.0,-1.0,-1.0,1,0.013079999999945358
,-1.0,-1.0,-0.0,0,0.0
0.0,-1.0,-1.0,-1.0,1,0.018942999999921994
0.0,-1.0,-1.0,-1.0,1,0.011032000000000153
0.0,-1.0,-1.0,-1.0,1,0.019012000000088847
0.0,-1.0,-1.0,-1.0,1,0.02560300000004645
0.0,-1.0,-1.0,-1.0,1,0.014455999999995583
0.0,-1.0,-1.0,-1.0,1,0.012667999999962376
,-1.0,-1.0,-0.0,0,0.0
0.0,-1.0,-1.0,-1.0,1,0.013222999999925378
0.0,-1.0,-1.0,-1.0,1,0.01448399999992489
0.0,-1.0,-1.0,-1.0,1,0.010816000000090753
0.0,-1.0,-1.0,-1.0,1,0.013344999999958418
0.0,-1.0,-1.0,-1.0,1,0.015014000000064698
0.0,-1.0,-1.0,-1.0,1,0.02538100000003851
,-1.0,-1.0,-0.0,0,0.0
0.0,-1.0,-1.0,-1.0,1,0.014001999999891268
0.0,-1.0,-1.0,-1.0,1,0.015707000000020344
35.0,49.49747468305833,-1.0,0.2233609999999544,2,0.2233609999999544
0.0,-1.0,-1.0,-1.0,1,0.01682499999992615
0.0,-1.0,-1.0,-1.0,1,0.013816000000019812
0.0,-1.0,-1.0,-1.0,1,0.016137999999955355
,-1.0,-1.0,-0.0,0,0.0
0.0,-1.0,-1.0,-1.0,1,0.014068999999949483
0.0,-1.0,-1.0,-1.0,1,0.012248999999997068
0.0,-1.0,-1.0,-1.0,1,0.01407799999992676
0.0,-1.0,-1.0,-1.0,1,0.015681999999969776
0.0,-1.0,-1.0,-1.0,1,0.014107999999964704
0.0,-1.0,-1.0,-1.0,1,0.011306999999874279
,-1.0,-1.0,-0.0,0,0.0
0.0,-1.0,-1.0,-1.0,1,0.021371999999928448
0.0,-1.0,-1.0,-1.0,1,0.013919000000100823
0.0,-1.0,-1.0,-1.0,1,0.01559199999996963
0.0,-1.0,-1.0,-1.0,1,0.01405299999998988
0.0,-1.0,-1.0,-1.0,1,0.014165000000048167
0.0,-1.0,-1.0,-1.0,1,0.017530999999848973
,-1.0,-1.0,-0.0,0,0.0
395.0,558.6143571373725,-1.0,0.3656509999999571,2,0.3656509999999571
,-1.0,-1.0,-0.0,0,0.0
0.0,-1.0,-1.0,-1.0,1,0.010581999999999425
,-1.0,-1.0,-0.0,0,0.0
35.0,49.49747468305833,-1.0,0.7532380000000103,2,0.7532380000000103
,-1.0,-1.0,-0.0,0,0.0
443.0,626.496608131281,-1.0,0.22604100000000926,2,0.22604100000000926
,-1.0,-1.0,-0.0,0,0.0
0.0,-1.0,-1.0,-1.0,1,0.015185000000201399
,-1.0,-1.0,-0.0,0,0.0
35.0,49.49747468305833,-1.0,0.8572149999997691,2,0.8572149999997691
,-1.0,-1.0,-0.0,0,0.0
347.0,490.73210614346397,-1.0,0.13490600000011455,2,0.13490600000011455
,-1.0,-1.0,-0.0,0,0.0
0.0,-1.0,-1.0,-1.0,1,0.01592799999991712
,-1.0,-1.0,-0.0,0,0.0
35.0,49.49747468305833,-1.0,0.982738000000154,2,0.982738000000154
0.0,-1.0,-1.0,-1.0,1,0.01335299999993822
0.0,-1.0,-1.0,-1.0,1,0.014509999999972933
0.0,-1.0,-1.0,-1.0,1,0.01445400000011432
,-1.0,-1.0,-0.0,0,0.0
0.0,-1.0,-1.0,-1.0,1,0.010539999999991778
0.0,-1.0,-1.0,-1.0,1,0.012398999999959415
0.0,-1.0,-1.0,-1.0,1,0.014395999999806008
0.0,-1.0,-1.0,-1.0,1,0.016264999999748397
0.0,-1.0,-1.0,-1.0,1,0.014213999999810767
0.0,-1.0,-1.0,-1.0,1,0.014609000000064043
,-1.0,-1.0,-0.0,0,0.0
0.0,-1.0,-1.0,-1.0,1,0.013620999999830019
0.0,-1.0,-1.0,-1.0,1,0.013271000000031563
0.0,-1.0,-1.0,-1.0,1,0.012081000000080167
0.0,-1.0,-1.0,-1.0,1,0.015663000000131433
0.0,-1.0,-1.0,-1.0,1,0.02392299999974057
0.0,-1.0,-1.0,-1.0,1,0.014829999999847132
,-1.0,-1.0,-0.0,0,0.0
0.0,-1.0,-1.0,-1.0,1,0.015126000000009299
0.0,-1.0,-1.0,-1.0,1,0.01566699999989396
0.0,-1.0,-1.0,-1.0,1,0.01930899999979374
0.0,-1.0,-1.0,-1.0,1,0.017059000000017477
0.0,-1.0,-1.0,-1.0,1,0.012029999999867869
0.0,-1.0,-1.0,-1.0,1,0.014618999999811422
,-1.0,-1.0,-0.0,0,0.0
0.0,-1.0,-1.0,-1.0,1,0.014963000000079774
0.0,-1.0,-1.0,-1.0,1,0.017442999999957465
0.0,-1.0,-1.0,-1.0,1,0.014554999999973006
0.0,-1.0,-1.0,-1.0,1,0.014300999999932174
0.0,-1.0,-1.0,-1.0,1,0.03457899999989422
0.0,-1.0,-1.0,-1.0,1,0.011866000000054555
,-1.0,-1.0,-0.0,0,0.0
0.0,-1.0,-1.0,-1.0,1,0.017131000000063068
0.0,-1.0,-1.0,-1.0,1,0.012938999999960288
0.0,-1.0,-1.0,-1.0,1,0.015982000000121843
0.0,-1.0,-1.0,-1.0,1,0.034930000000031214
0.0,-1.0,-1.0,-1.0,1,0.01650799999993069
75.0,106.06601717798213,-1.0,0.9890669999999773,2,0.9890669999999773
0.0,-1.0,-1.0,-1.0,1,0.013960999999881096
0.0,-1.0,-1.0,-1.0,1,0.011549999999942884
0.0,-1.0,-1.0,-1.0,1,0.016703000000006796
0.0,-1.0,-1.0,-1.0,1,0.013962000000219632
0.0,-1.0,-1.0,-1.0,1,0.014184000000113883
,-1.0,-1.0,-0.0,0,0.0
0.0,-1.0,-1.0,-1.0,1,0.01713500000005297
0.0,-1.0,-1.0,-1.0,1,0.01752400000009402
0.0,-1.0,-1.0,-1.0,1,0.014136000000007698
0.0,-1.0,-1.0,-1.0,1,0.017386999999871477
0.0,-1.0,-1.0,-1.0,1,0.018092999999907988
0.0,-1.0,-1.0,-1.0,1,0.018679000000020096
75.0,106.06601717798213,-1.0,0.5361319999999523,2,0.5361319999999523
0.0,-1.0,-1.0,-1.0,1,0.015224999999873035
0.0,-1.0,-1.0,-1.0,1,0.015327999999954045
115.0,162.63455967290594,-1.0,0.49492400000008274,2,0.49492400000008274
0.0,-1.0,-1.0,-1.0,1,0.011936999999988984
0.0,-1.0,-1.0,-1.0,1,0.03717299999993884
,-1.0,-1.0,-0.0,0,0.0
0.0,-1.0,-1.0,-1.0,1,0.22779700000023695
,-1.0,-1.0,-0.0,0,0.0
0.0,-1.0,-1.0,-1.0,1,0.016147999999930107
,-1.0,-1.0,-0.0,0,0.0
35.0,49.49747468305833,-1.0,0.9654339999999593,2,0.9654339999999593
,-1.0,-1.0,-0.0,0,0.0
35.0,49.49747468305833,-1.0,0.040810000000192304,2,0.040810000000192304
,-1.0,-1.0,-0.0,0,0.0
379.0,535.986940139403,-1.0,0.9406329999999343,2,0.9406329999999343
,-1.0,-1.0,-0.0,0,0.0
0.0,-1.0,-1.0,-1.0,1,0.016345000000001164
,-1.0,-1.0,-0.0,0,0.0
35.0,49.49747468305833,-1.0,0.1135349999999562,2,0.1135349999999562
0.0,0.0,-1.0,0.0893273333332824,4,0.2679819999998472
347.0,490.73210614346397,-1.0,0.7265150000000631,2,0.7265150000000631
726.0,-1.0,-1.0,-1.0,1,0.9231389999999919
0.0,-1.0,-1.0,-1.0,1,0.012265999999954147
,-1.0,-1.0,-0.0,0,0.0
,-1.0,-1.0,-0.0,0,0.0
0.0,-1.0,-1.0,-1.0,1,0.01570199999991928
0.0,-1.0,-1.0,-1.0,1,0.392142000000149
67.0,94.75230867899737,-1.0,0.8730490000000373,2,0.8730490000000373
18.0,31.176914536239792,-1.0,0.03826650000007703,3,0.07653300000015406
27.0,31.176914536239792,-1.0,0.2641236666666676,4,0.7923710000000028
0.0,0.0,-1.0,0.007854500000007647,3,0.015709000000015294
64.0,96.94984645306421,-1.0,0.07394627272728113,12,0.8134090000000924
0.0,-1.0,-1.0,-1.0,1,0.012902999999823805
54.0,-1.0,-1.0,-1.0,1,1.0000003385357559e-06
29.666666666666668,33.019186341681205,-1.0,0.13150940000004993,6,0.6575470000002497
36.0,31.176914536239792,-1.0,0.007234999999923275,3,0.01446999999984655
0.0,-1.0,-1.0,-1.0,1,0.032491000000163694
0.0,-1.0,-1.0,-1.0,1,0.010625999999774649
274.9,484.5620811891039,1.0,0.047097473684210536,20,0.8948520000000002
,-1.0,-1.0,-0.0,0,0.0
0.0,0.0,-1.0,0.29473099999999874,2,0.29473099999999874
289.0625,477.09767955140313,2.2,0.05123220000000022,16,0.7684830000000034
814.2666666666667,645.5141324851805,-1.0,0.041348714285714294,15,0.5788820000000001
,-1.0,-1.0,-0.0,0,0.0
,-1.0,-1.0,-0.0,0,0.0
436.5,617.304219975856,-1.0,0.3014429999999919,2,0.3014429999999919
,-1.0,-1.0,-0.0,0,0.0
,-1.0,-1.0,-0.0,0,0.0
,-1.0,-1.0,-0.0,0,0.0
,-1.0,-1.0,-0.0,0,0.0
0.0,-1.0,-1.0,-1.0,1,0.2446599999999819
282.6,501.7501038033442,1.0833333333333333,0.003437249999999873,25,0.08249399999999696
252.36,461.64956767372075,1.0833333333333333,0.003635958333333337,25,0.08726300000000009
248.23809523809524,412.1725251350343,1.1,0.039930400000000074,21,0.7986080000000015
558.2,635.5889507265795,0.6666666666666666,0.007007642857143281,15,0.09810700000000594
3.875,10.960155108391486,1.0,0.001210428571429897,8,0.008473000000009279
289.7307692307692,509.44326928067727,1.1666666666666667,0.0034751999999997453,26,0.08687999999999363
45.588235294117645,95.66024437006827,-1.0,0.03613024999999981,17,0.5780839999999969
,-1.0,-1.0,-0.0,0,0.0
,-1.0,-1.0,-0.0,0,0.0
38.5,54.44722215136416,-1.0,0.24488999999999805,2,0.24488999999999805
,-1.0,-1.0,-0.0,0,0.0
,-1.0,-1.0,-0.0,0,0.0
,-1.0,-1.0,-0.0,0,0.0
,-1.0,-1.0,-0.0,0,0.0
,-1.0,-1.0,-0.0,0,0.0
305.0,-1.0,-1.0,-1.0,1,0.000565000000001703
0.0,0.0,-1.0,3.000000006636583e-06,2,3.000000006636583e-06
721.6685962373372,675.9095590693771,0.8475935828877005,0.0014339695652173976,691,0.9894390000000044
906.571,644.7601155201565,0.5015015015015015,0.0003866046046046041,1000,0.3862179999999995
736.5333333333333,681.5339210364994,0.8518518518518519,0.0003090935412026649,450,0.13878299999999655
7.75,15.5,1.0,0.0012786666666642077,4,0.003835999999992623
748.993281075028,677.1938405749515,0.7967806841046278,0.00045221973094170236,893,0.4033799999999985
742.8780487804878,681.6593434738453,0.8303571428571429,0.00022547549019607768,205,0.045996999999999844
0.0,0.0,1.0,0.00419499999999573,2,0.00419499999999573
801.324,668.7988224338384,0.6863406408094435,0.00032073573573573275,1000,0.320414999999997
664.6962457337884,680.8553091060626,1.048951048951049,0.00029314041095890384,293,0.08559699999999992
6.2,13.863621460498697,1.5,0.001842499999998637,5,0.007369999999994548
826.378,662.5541767683252,0.6260162601626016,0.0003461881881881857,1000,0.34584199999999754
19.029411764705884,77.26322002958759,-1.0,0.0017060909090908399,34,0.056300999999997714
0.0,0.0,-1.0,0.003693500000004235,3,0.00738700000000847
18.0,38.54867053479276,1.25,0.09396262500000052,9,0.7517010000000042
411.73333333333335,543.1712077416662,0.875,0.01991517241379307,30,0.577539999999999
3.875,10.960155108391486,1.0,0.0012678571428555838,8,0.008874999999989086
1338.609271523179,155.70668893831265,-1.0,0.00038944666666665737,151,0.05841699999999861
0.0,-1.0,-1.0,-1.0,1,4.0000000041118255e-06
104.18181818181819,152.22471427584824,1.2,0.007287599999999372,11,0.07287599999999372
4.428571428571429,11.716898663286042,1.3333333333333333,0.0014799999999984454,7,0.008879999999990673
428.42857142857144,616.1569257444544,0.9090909090909091,0.004471899999999707,21,0.08943799999999413
6.2,13.863621460498697,1.5,0.0016772500000037383,5,0.006709000000014953
113.72727272727273,170.23459748775562,1.2,0.007173600000000136,11,0.07173600000000135
4.428571428571429,11.716898663286042,1.3333333333333333,0.0014120000000019672,7,0.008472000000011803
384.3809523809524,572.7540900063898,0.9090909090909091,0.009710600000000014,21,0.19421200000000027
4.428571428571429,11.716898663286042,1.3333333333333333,0.001539499999999805,7,0.00923699999999883
384.3809523809524,572.7540900063898,0.9090909090909091,0.00952415000000002,21,0.1904830000000004
4.428571428571429,11.716898663286042,1.3333333333333333,0.0014761666666653166,7,0.008856999999991899
384.3809523809524,572.7540900063898,0.9090909090909091,0.009569150000000092,21,0.19138300000000186
6.2,13.863621460498697,1.5,0.0016824999999975887,5,0.006729999999990355
472.35,615.9439717342718,1.0,0.002643368421052634,20,0.050224000000000046
7.75,15.5,1.0,0.005352333333329777,4,0.01605699999998933
517.52,629.7800621380981,1.0833333333333333,0.0027152083333330523,25,0.06516499999999326
7.75,15.5,1.0,0.0017476666666690714,4,0.005243000000007214
256.0769230769231,472.60943055143736,1.1666666666666667,0.002702640000000258,26,0.06756600000000645
72.11111111111111,143.65796570713061,1.25,0.018297999999999703,9,0.14638399999999763
51.22222222222222,98.52128929548397,1.25,0.004500625000000369,9,0.03600500000000295
26.0,36.76955262170047,1.0,0.010881999999980962,2,0.010881999999980962
26.0,36.76955262170047,1.0,0.009419000000093547,2,0.009419000000093547
26.0,36.76955262170047,1.0,0.010824999999954343,2,0.010824999999954343
26.0,36.76955262170047,1.0,0.010996999999861146,2,0.010996999999861146
48.5,66.09841147864296,-1.0,0.25235866666666834,4,0.757076000000005
27.0,38.18376618407357,-1.0,0.5691869999999994,2,0.5691869999999994
54.0,-1.0,-1.0,-1.0,1,0.0046679999999952315
55.42857142857143,62.61750858148527,-1.0,0.15324600000000052,7,0.9194760000000031
,-1.0,-1.0,-0.0,0,0.0
,-1.0,-1.0,-0.0,0,0.0
,-1.0,-1.0,-0.0,0,0.0
102.4,70.74461110218927,-1.0,0.24990375000000142,5,0.9996150000000057
62.0,57.89645930452051,-1.0,0.18578199999999848,4,0.5573459999999955
124.0,98.99494936611666,-1.0,0.8058290000000028,2,0.8058290000000028
70.0,-1.0,-1.0,-1.0,1,0.001077999999978374
,-1.0,-1.0,-0.0,0,0.0
150.0,-1.0,-1.0,-1.0,1,0.003279000000006249
140.0,-1.0,-1.0,-1.0,1,0.0030370000000061737
,-1.0,-1.0,-0.0,0,0.0
,-1.0,-1.0,-0.0,0,0.0
140.0,-1.0,-1.0,-1.0,1,0.001978000000008251
326.0,-1.0,-1.0,-1.0,1,0.736945999999989
27.0,31.176914536239792,-1.0,0.25616966666666957,4,0.7685090000000088
44.0,56.213877290220786,-1.0,0.1957254000000006,6,0.978627000000003
,-1.0,-1.0,-0.0,0,0.0
54.0,-1.0,-1.0,-1.0,1,0.21834399999998766
52.5,35.0,-1.0,0.247272666666665,4,0.741817999999995
59.25,44.771642811047265,-1.0,0.0745342857142869,8,0.5217400000000083
27.0,38.18376618407357,-1.0,0.1391310000000061,2,0.1391310000000061
,-1.0,-1.0,-0.0,0,0.0
140.0,-1.0,-1.0,-1.0,1,0.003047999999992612
102.0,67.88225099390856,-1.0,0.28625799999998947,2,0.28625799999998947
150.0,113.13708498984761,-1.0,0.04668599999999401,2,0.04668599999999401
97.0,60.81118318204309,-1.0,0.837412999999998,2,0.837412999999998
,-1.0,-1.0,-0.0,0,0.0
70.0,98.99494936611666,-1.0,0.1663640000000015,2,0.1663640000000015
,-1.0,-1.0,-0.0,0,0.0
,-1.0,-1.0,-0.0,0,0.0
140.0,-1.0,-1.0,-1.0,1,0.0019799999999889906
54.0,-1.0,-1.0,-1.0,1,0.9632419999999939
140.0,-1.0,-1.0,-1.0,1,0.0020230000000083237
54.0,-1.0,-1.0,-1.0,1,0.1272040000000061
97.0,60.81118318204309,-1.0,0.8952409999999986,2,0.8952409999999986
,-1.0,-1.0,-0.0,0,0.0
70.0,98.99494936611666,-1.0,0.1748540000000105,2,0.1748540000000105
,-1.0,-1.0,-0.0,0,0.0
,-1.0,-1.0,-0.0,0,0.0
140.0,-1.0,-1.0,-1.0,1,0.004186000000004242
54.0,-1.0,-1.0,-1.0,1,0.9189999999999827
70.0,0.0,-1.0,0.004664000000019541,2,0.004664000000019541
54.0,-1.0,-1.0,-1.0,1,0.12618500000002086
97.0,60.81118318204309,-1.0,0.8436260000000004,2,0.8436260000000004
,-1.0,-1.0,-0.0,0,0.0
38.8,36.01666281042707,-1.0,0.15083899999999772,5,0.6033559999999909
,-1.0,-1.0,-0.0,0,0.0
,-1.0,-1.0,-0.0,0,0.0
140.0,-1.0,-1.0,-1.0,1,0.0038150000000030104
54.0,-1.0,-1.0,-1.0,1,0.9224279999999965
140.0,-1.0,-1.0,-1.0,1,0.001981999999998152
,-1.0,-1.0,-0.0,0,0.0
,-1.0,-1.0,-0.0,0,0.0
54.0,-1.0,-1.0,-1.0,1,0.0042130000000213386
,-1.0,-1.0,-0.0,0,0.0
,-1.0,-1.0,-0.0,0,0.0
,-1.0,-1.0,-0.0,0,0.0
,-1.0,-1.0,-0.0,0,0.0
,-1.0,-1.0,-0.0,0,0.0
,-1.0,-1.0,-0.0,0,0.0
,-1.0,-1.0,-0.0,0,0.0
,-1.0,-1.0,-0.0,0,0.0
13.5,27.0,-1.0,0.07212433333333479,4,0.21637300000000437
54.0,-1.0,-1.0,-1.0,1,0.0047319999999899665
,-1.0,-1.0,-0.0,0,0.0
,-1.0,-1.0,-0.0,0,0.0
,-1.0,-1.0,-0.0,0,0.0
,-1.0,-1.0,-0.0,0,0.0
,-1.0,-1.0,-0.0,0,0.0
,-1.0,-1.0,-0.0,0,0.0
,-1.0,-1.0,-0.0,0,0.0
,-1.0,-1.0,-0.0,0,0.0
,-1.0,-1.0,-0.0,0,0.0
,-1.0,-1.0,-0.0,0,0.0
,-1.0,-1.0,-0.0,0,0.0
,-1.0,-1.0,-0.0,0,0.0
,-1.0,-1.0,-0.0,0,0.0
,-1.0,-1.0,-0.0,0,0.0
,-1.0,-1.0,-0.0,0,0.0
,-1.0,-1.0,-0.0,0,0.0
,-1.0,-1.0,-0.0,0,0.0
,-1.0,-1.0,-0.0,0,0.0
,-1.0,-1.0,-0.0,0,0.0
,-1.0,-1.0,-0.0,0,0.0
,-1.0,-1.0,-0.0,0,0.0
,-1.0,-1.0,-0.0,0,0.0
,-1.0,-1.0,-0.0,0,0.0
,-1.0,-1.0,-0.0,0,0.0
,-1.0,-1.0,-0.0,0,0.0
,-1.0,-1.0,-0.0,0,0.0
,-1.0,-1.0,-0.0,0,0.0
,-1.0,-1.0,-0.0,0,0.0
0.0,-1.0,-1.0,-1.0,1,0.3930740000000128
,-1.0,-1.0,-0.0,0,0.0
54.0,-1.0,-1.0,-1.0,1,0.00576899999998659
,-1.0,-1.0,-0.0,0,0.0
,-1.0,-1.0,-0.0,0,0.0
,-1.0,-1.0,-0.0,0,0.0
,-1.0,-1.0,-0.0,0,0.0
,-1.0,-1.0,-0.0,0,0.0
,-1.0,-1.0,-0.0,0,0.0
,-1.0,-1.0,-0.0,0,0.0
,-1.0,-1.0,-0.0,0,0.0
,-1.0,-1.0,-0.0,0,0.0
,-1.0,-1.0,-0.0,0,0.0
,-1.0,-1.0,-0.0,0,0.0
,-1.0,-1.0,-0.0,0,0.0
,-1.0,-1.0,-0.0,0,0.0
,-1.0,-1.0,-0.0,0,0.0
,-1.0,-1.0,-0.0,0,0.0
,-1.0,-1.0,-0.0,0,0.0
,-1.0,-1.0,-0.0,0,0.0
,-1.0,-1.0,-0.0,0,0.0
27.0,38.18376618407357,-1.0,0.21408499999995456,2,0.21408499999995456
54.0,-1.0,-1.0,-1.0,1,0.00513300000000072
,-1.0,-1.0,-0.0,0,0.0
,-1.0,-1.0,-0.0,0,0.0
0.0,-1.0,-1.0,-1.0,1,0.01066299999996545
54.0,-1.0,-1.0,-1.0,1,0.0020299999999906504
,-1.0,-1.0,-0.0,0,0.0
,-1.0,-1.0,-0.0,0,0.0
,-1.0,-1.0,-0.0,0,0.0
,-1.0,-1.0,-0.0,0,0.0
,-1.0,-1.0,-0.0,0,0.0
,-1.0,-1.0,-0.0,0,0.0
,-1.0,-1.0,-0.0,0,0.0
,-1.0,-1.0,-0.0,0,0.0
,-1.0,-1.0,-0.0,0,0.0
,-1.0,-1.0,-0.0,0,0.0
,-1.0,-1.0,-0.0,0,0.0
,-1.0,-1.0,-0.0,0,0.0
,-1.0,-1.0,-0.0,0,0.0
,-1.0,-1.0,-0.0,0,0.0
,-1.0,-1.0,-0.0,0,0.0
,-1.0,-1.0,-0.0,0,0.0
,-1.0,-1.0,-0.0,0,0.0
,-1.0,-1.0,-0.0,0,0.0
,-1.0,-1.0,-0.0,0,0.0
,-1.0,-1.0,-0.0,0,0.0
,-1.0,-1.0,-0.0,0,0.0
,-1.0,-1.0,-0.0,0,0.0
0.0,-1.0,-1.0,-1.0,1,0.5299770000000308
54.0,-1.0,-1.0,-1.0,1,0.004132000000026892
,-1.0,-1.0,-0.0,0,0.0
,-1.0,-1.0,-0.0,0,0.0
,-1.0,-1.0,-0.0,0,0.0
,-1.0,-1.0,-0.0,0,0.0
,-1.0,-1.0,-0.0,0,0.0
,-1.0,-1.0,-0.0,0,0.0
54.0,-1.0,-1.0,-1.0,1,0.005489000000125088
,-1.0,-1.0,-0.0,0,0.0
0.0,-1.0,-1.0,-1.0,1,0.13497900000004392
54.0,-1.0,-1.0,-1.0,1,0.005604000000062115
,-1.0,-1.0,-0.0,0,0.0
54.0,-1.0,-1.0,-1.0,1,0.006217999999989843
,-1.0,-1.0,-0.0,0,0.0
27.0,38.18376618407357,-1.0,0.9945310000000518,2,0.9945310000000518
,-1.0,-1.0,-0.0,0,0.0
54.0,-1.0,-1.0,-1.0,1,0.001932000000010703
,-1.0,-1.0,-0.0,0,0.0
27.0,38.18376618407357,-1.0,0.11208099999998922,2,0.11208099999998922
,-1.0,-1.0,-0.0,0,0.0
27.0,38.18376618407357,-1.0,0.8455040000000054,2,0.8455040000000054
,-1.0,-1.0,-0.0,0,0.0
54.0,-1.0,-1.0,-1.0,1,0.0019130000000586733
,-1.0,-1.0,-0.0,0,0.0
27.0,38.18376618407357,-1.0,0.26640900000018064,2,0.26640900000018064
,-1.0,-1.0,-0.0,0,0.0
27.0,38.18376618407357,-1.0,0.7431400000000394,2,0.7431400000000394
,-1.0,-1.0,-0.0,0,0.0
54.0,-1.0,-1.0,-1.0,1,0.0027699999999413194
,-1.0,-1.0,-0.0,0,0.0
27.0,38.18376618407357,-1.0,0.5104999999999791,2,0.5104999999999791
,-1.0,-1.0,-0.0,0,0.0
54.0,-1.0,-1.0,-1.0,1,0.005612000000041917
,-1.0,-1.0,-0.0,0,0.0
27.0,38.18376618407357,-1.0,0.5678199999999833,2,0.5678199999999833
,-1.0,-1.0,-0.0,0,0.0
,-1.0,-1.0,-0.0,0,0.0
,-1.0,-1.0,-0.0,0,0.0
,-1.0,-1.0,-0.0,0,0.0
,-1.0,-1.0,-0.0,0,0.0
,-1.0,-1.0,-0.0,0,0.0
,-1.0,-1.0,-0.0,0,0.0
54.0,-1.0,-1.0,-1.0,1,0.0035120000000006257
,-1.0,-1.0,-0.0,0,0.0
,-1.0,-1.0,-0.0,0,0.0
,-1.0,-1.0,-0.0,0,0.0
,-1.0,-1.0,-0.0,0,0.0
27.0,38.18376618407357,-1.0,0.9676430000000664,2,0.9676430000000664
,-1.0,-1.0,-0.0,0,0.0
,-1.0,-1.0,-0.0,0,0.0
,-1.0,-1.0,-0.0,0,0.0
,-1.0,-1.0,-0.0,0,0.0
,-1.0,-1.0,-0.0,0,0.0
,-1.0,-1.0,-0.0,0,0.0
54.0,-1.0,-1.0,-1.0,1,0.003132999999934327
,-1.0,-1.0,-0.0,0,0.0
,-1.0,-1.0,-0.0,0,0.0
,-1.0,-1.0,-0.0,0,0.0
,-1.0,-1.0,-0.0,0,0.0
,-1.0,-1.0,-0.0,0,0.0
,-1.0,-1.0,-0.0,0,0.0
54.0,-1.0,-1.0,-1.0,1,0.0032189999999445718
,-1.0,-1.0,-0.0,0,0.0
,-1.0,-1.0,-0.0,0,0.0
,-1.0,-1.0,-0.0,0,0.0
,-1.0,-1.0,-0.0,0,0.0
,-1.0,-1.0,-0.0,0,0.0
,-1.0,-1.0,-0.0,0,0.0
54.0,-1.0,-1.0,-1.0,1,0.0034699999999929787
,-1.0,-1.0,-0.0,0,0.0
27.0,38.18376618407357,-1.0,0.2088899999999967,2,0.2088899999999967
54.0,-1.0,-1.0,-1.0,1,0.00393599999995331
,-1.0,-1.0,-0.0,0,0.0
,-1.0,-1.0,-0.0,0,0.0
,-1.0,-1.0,-0.0,0,0.0
54.0,-1.0,-1.0,-1.0,1,0.003941000000054373
,-1.0,-1.0,-0.0,0,0.0
,-1.0,-1.0,-0.0,0,0.0
,-1.0,-1.0,-0.0,0,0.0
,-1.0,-1.0,-0.0,0,0.0
,-1.0,-1.0,-0.0,0,0.0
,-1.0,-1.0,-0.0,0,0.0
54.0,-1.0,-1.0,-1.0,1,0.004660000000171749
,-1.0,-1.0,-0.0,0,0.0
,-1.0,-1.0,-0.0,0,0.0
,-1.0,-1.0,-0.0,0,0.0
,-1.0,-1.0,-0.0,0,0.0
,-1.0,-1.0,-0.0,0,0.0
,-1.0,-1.0,-0.0,0,0.0
27.0,38.18376618407357,-1.0,0.4026380000000245,2,0.4026380000000245
,-1.0,-1.0,-0.0,0,0.0
54.0,-1.0,-1.0,-1.0,1,0.0016090000002577654
,-1.0,-1.0,-0.0,0,0.0
27.0,38.18376618407357,-1.0,0.7428400000001147,2,0.7428400000001147
,-1.0,-1.0,-0.0,0,0.0
27.0,38.18376618407357,-1.0,0.2659250000000384,2,0.2659250000000384
,-1.0,-1.0,-0.0,0,0.0
54.0,-1.0,-1.0,-1.0,1,0.004866999999990185
,-1.0,-1.0,-0.0,0,0.0
27.0,38.18376618407357,-1.0,0.8466750000000047,2,0.8466750000000047
,-1.0,-1.0,-0.0,0,0.0
27.0,38.18376618407357,-1.0,0.17484600000000228,2,0.17484600000000228
,-1.0,-1.0,-0.0,0,0.0
54.0,-1.0,-1.0,-1.0,1,0.004269000000022061
,-1.0,-1.0,-0.0,0,0.0
27.0,38.18376618407357,-1.0,0.9719430000000102,2,0.9719430000000102
,-1.0,-1.0,-0.0,0,0.0
,-1.0,-1.0,-0.0,0,0.0
,-1.0,-1.0,-0.0,0,0.0
,-1.0,-1.0,-0.0,0,0.0
54.0,-1.0,-1.0,-1.0,1,0.0016570000000228902
,-1.0,-1.0,-0.0,0,0.0
,-1.0,-1.0,-0.0,0,0.0
,-1.0,-1.0,-0.0,0,0.0
,-1.0,-1.0,-0.0,0,0.0
,-1.0,-1.0,-0.0,0,0.0
,-1.0,-1.0,-0.0,0,0.0
54.0,-1.0,-1.0,-1.0,1,0.003238000000010288
,-1.0,-1.0,-0.0,0,0.0
,-1.0,-1.0,-0.0,0,0.0
,-1.0,-1.0,-0.0,0,0.0
,-1.0,-1.0,-0.0,0,0.0
,-1.0,-1.0,-0.0,0,0.0
,-1.0,-1.0,-0.0,0,0.0
54.0,-1.0,-1.0,-1.0,1,0.004376999999976761
,-1.0,-1.0,-0.0,0,0.0
,-1.0,-1.0,-0.0,0,0.0
,-1.0,-1.0,-0.0,0,0.0
,-1.0,-1.0,-0.0,0,0.0
,-1.0,-1.0,-0.0,0,0.0
,-1.0,-1.0,-0.0,0,0.0
54.0,-1.0,-1.0,-1.0,1,0.00298800000018673
,-1.0,-1.0,-0.0,0,0.0
,-1.0,-1.0,-0.0,0,0.0
,-1.0,-1.0,-0.0,0,0.0
,-1.0,-1.0,-0.0,0,0.0
,-1.0,-1.0,-0.0,0,0.0
,-1.0,-1.0,-0.0,0,0.0
54.0,-1.0,-1.0,-1.0,1,0.006288999999924272
,-1.0,-1.0,-0.0,0,0.0
,-1.0,-1.0,-0.0,0,0.0
,-1.0,-1.0,-0.0,0,0.0
,-1.0,-1.0,-0.0,0,0.0
,-1.0,-1.0,-0.0,0,0.0
,-1.0,-1.0,-0.0,0,0.0
54.0,-1.0,-1.0,-1.0,1,0.004887999999937165
,-1.0,-1.0,-0.0,0,0.0
,-1.0,-1.0,-0.0,0,0.0
,-1.0,-1.0,-0.0,0,0.0
,-1.0,-1.0,-0.0,0,0.0
,-1.0,-1.0,-0.0,0,0.0
54.0,-1.0,-1.0,-1.0,1,0.0067490000001271255
,-1.0,-1.0,-0.0,0,0.0
,-1.0,-1.0,-0.0,0,0.0
,-1.0,-1.0,-0.0,0,0.0
,-1.0,-1.0,-0.0,0,0.0
,-1.0,-1.0,-0.0,0,0.0
0.0,-1.0,-1.0,-1.0,1,0.5722379999999703
54.0,-1.0,-1.0,-1.0,1,0.006212000000004991
,-1.0,-1.0,-0.0,0,0.0
0.0,-1.0,-1.0,-1.0,1,0.5299729999996998
54.0,-1.0,-1.0,-1.0,1,0.0030999999999039574
,-1.0,-1.0,-0.0,0,0.0
,-1.0,-1.0,-0.0,0,0.0
54.0,0.0,-1.0,0.21643700000004173,2,0.21643700000004173
,-1.0,-1.0,-0.0,0,0.0
54.0,-1.0,-1.0,-1.0,1,0.0036769999999251013
,-1.0,-1.0,-0.0,0,0.0
27.0,38.18376618407357,-1.0,0.9552329999999074,2,0.9552329999999074
,-1.0,-1.0,-0.0,0,0.0
27.0,38.18376618407357,-1.0,0.030549000000064552,2,0.030549000000064552
,-1.0,-1.0,-0.0,0,0.0
27.0,38.18376618407357,-1.0,0.9785690000001068,2,0.9785690000001068
,-1.0,-1.0,-0.0,0,0.0
54.0,-1.0,-1.0,-1.0,1,0.006323000000065804
,-1.0,-1.0,-0.0,0,0.0
27.0,38.18376618407357,-1.0,0.10468300000002273,2,0.10468300000002273
452.0,96.91233151668574,-1.0,0.07285100000005211,4,0.21855300000015632
27.0,38.18376618407357,-1.0,0.7660129999999299,2,0.7660129999999299
0.0,-1.0,-1.0,-1.0,1,0.923338000000058
54.0,-1.0,-1.0,-1.0,1,0.0033900000000812724
,-1.0,-1.0,-0.0,0,0.0
,-1.0,-1.0,-0.0,0,0.0
54.0,-1.0,-1.0,-1.0,1,0.006836999999904947
70.0,-1.0,-1.0,-1.0,1,0.3617979999999079
62.0,87.68124086713189,-1.0,0.9276149999998324,2,0.9276149999998324
100.0,117.89826122551597,-1.0,0.03369599999996353,3,0.06739199999992707
70.0,98.99494936611666,-1.0,0.7693400000000565,2,0.7693400000000565
1338.0,51.96152422706632,-1.0,0.00015250000012656528,3,0.00030500000025313057
53.2,88.46945486688864,-1.0,0.0890663333333224,10,0.8015969999999015
,-1.0,-1.0,-0.0,0,0.0
,-1.0,-1.0,-0.0,0,0.0
64.66666666666667,70.60689295906833,-1.0,0.3202360000000226,3,0.6404720000000452
246.0,-1.0,-1.0,-1.0,1,0.0047830000000885775
,-1.0,-1.0,-0.0,0,0.0
,-1.0,-1.0,-0.0,0,0.0
0.0,0.0,-1.0,0.039017999999998665,3,0.07803599999999733
5.166666666666667,12.655697004379753,0.5,0.0005003999999985354,6,0.0025019999999926767
0.0,-1.0,0.0,-1.0,1,0.0008719999999868833
,-1.0,-1.0,-0.0,0,0.0
,-1.0,-1.0,-0.0,0,0.0
,-1.0,-1.0,-0.0,0,0.0
,-1.0,-1.0,-0.0,0,0.0
,-1.0,-1.0,-0.0,0,0.0
,-1.0,-1.0,-0.0,0,0.0
,-1.0,-1.0,-0.0,0,0.0
142.1578947368421,320.65334707444214,1.5333333333333334,0.004308108108107862,38,0.15939999999999088
360.8888888888889,491.4137933960231,1.0,0.01800752941176477,18,0.30612800000000107
6.2,13.863621460498697,1.5,0.017070250000003284,5,0.06828100000001314
440.7368421052632,596.5967223533893,0.9,0.0007987777777774201,19,0.014377999999993563
4.428571428571429,11.716898663286042,1.3333333333333333,0.0007540000000005875,7,0.004524000000003525
394.52941176470586,573.4059554154302,0.8888888888888888,0.0008654374999998993,17,0.013846999999998388
4.428571428571429,11.716898663286042,1.3333333333333333,0.0007515000000021624,7,0.004509000000012975
131.54545454545453,247.89730278337584,1.2,0.021757199999998988,11,0.21757199999998988
6.2,13.863621460498697,1.5,0.01707200000000242,5,0.06828800000000967
136.83333333333334,207.30251646647548,1.4,0.019697636363637437,12,0.2166740000000118
6.2,13.863621460498697,1.5,0.016918000000000433,5,0.06767200000000173
0.0,-1.0,-1.0,-1.0,1,0.32258600000000115
356.42857142857144,557.1114671348874,1.0,0.07384076923076922,14,0.95993
497.0,515.392083757599,-1.0,0.19466650000000385,3,0.3893330000000077
7.666666666666667,13.279056191361391,-1.0,3.500000005374204e-06,3,7.000000010748408e-06
0.0,0.0,1.0,0.004966999999998241,4,0.014900999999994724
0.0,0.0,1.0,0.0009483333333311824,4,0.002844999999993547
0.0,0.0,1.0,0.0009036666666730753,4,0.002711000000019226
0.0,0.0,1.0,0.0011103333333248127,4,0.0033309999999744377
0.0,0.0,1.0,0.0008313333333281511,4,0.002493999999984453
0.0,0.0,1.0,0.0008883333333358223,4,0.002665000000007467
0.0,0.0,1.0,0.0010809999999992215,4,0.0032429999999976644
0.0,0.0,2.0,0.0015640000000018972,3,0.0031280000000037944
0.0,0.0,2.0,0.007666500000006238,3,0.015333000000012476
0.0,0.0,1.0,0.2548050000000046,2,0.2548050000000046
148.5,210.0107140124046,-1.0,0.4420420000000007,2,0.4420420000000007
0.0,0.0,-1.0,0.2942510000000027,2,0.2942510000000027
45.25,73.90057817463578,1.4,0.07072727272727196,12,0.7779999999999916
,-1.0,-1.0,-0.0,0,0.0
,-1.0,-1.0,-0.0,0,0.0
,-1.0,-1.0,-0.0,0,0.0
,-1.0,-1.0,-0.0,0,0.0
,-1.0,-1.0,-0.0,0,0.0
,-1.0,-1.0,-0.0,0,0.0
,-1.0,-1.0,-0.0,0,0.0
0.0,-1.0,-1.0,-1.0,1,0.24501199999997425
,-1.0,-1.0,-0.0,0,0.0
,-1.0,-1.0,-0.0,0,0.0
,-1.0,-1.0,-0.0,0,0.0
,-1.0,-1.0,-0.0,0,0.0
,-1.0,-1.0,-0.0,0,0.0
,-1.0,-1.0,-0.0,0,0.0
,-1.0,-1.0,-0.0,0,0.0
,-1.0,-1.0,-0.0,0,0.0
,-1.0,-1.0,-0.0,0,0.0
0.0,-1.0,0.0,-1.0,1,0.0010160000000212221
,-1.0,-1.0,-0.0,0,0.0
,-1.0,-1.0,-0.0,0,0.0
,-1.0,-1.0,-0.0,0,0.0
,-1.0,-1.0,-0.0,0,0.0
,-1.0,-1.0,-0.0,0,0.0
,-1.0,-1.0,-0.0,0,0.0
,-1.0,-1.0,-0.0,0,0.0
21.2,29.029295547773806,0.6666666666666666,0.04341399999999851,5,0.17365599999999404
53.0,-1.0,-1.0,-1.0,1,4.9999999873762135e-06
26.5,37.476659402887016,-1.0,0.19271499999996422,2,0.19271499999996422
53.0,-1.0,-1.0,-1.0,1,6.999999982326699e-06
26.5,37.476659402887016,-1.0,0.23404299999998557,2,0.23404299999998557
53.0,-1.0,-1.0,-1.0,1,4.999999930532795e-06
26.5,37.476659402887016,-1.0,0.1671479999999974,2,0.1671479999999974
53.0,-1.0,-1.0,-1.0,1,1.600000007329072e-05
26.5,37.476659402887016,-1.0,0.12433600000008482,2,0.12433600000008482
53.0,-1.0,-1.0,-1.0,1,3.100000003541936e-05
26.5,37.476659402887016,-1.0,0.13287900000000263,2,0.13287900000000263
53.0,-1.0,-1.0,-1.0,1,0.00048399999991488585
26.5,37.476659402887016,-1.0,0.25470900000004804,2,0.25470900000004804
53.0,-1.0,-1.0,-1.0,1,3.999999762527295e-06
0.0,-1.0,-1.0,-1.0,1,0.02020799999996825
26.5,37.476659402887016,-1.0,0.14391599999999016,2,0.14391599999999016
0.0,-1.0,-1.0,-1.0,1,0.00835400000005393
26.5,37.476659402887016,-1.0,0.18502800000004527,2,0.18502800000004527
0.0,-1.0,-1.0,-1.0,1,0.009910999999988235
26.5,37.476659402887016,-1.0,0.11724400000002788,2,0.11724400000002788
0.0,-1.0,-1.0,-1.0,1,0.008461000000011154
26.5,37.476659402887016,-1.0,0.06285300000001826,2,0.06285300000001826
0.0,-1.0,-1.0,-1.0,1,0.022200999999995474
26.5,37.476659402887016,-1.0,0.08397199999990335,2,0.08397199999990335
0.0,-1.0,-1.0,-1.0,1,0.011461999999937689
26.5,37.476659402887016,-1.0,0.20537500000000364,2,0.20537500000000364
0.0,-1.0,-1.0,-1.0,1,0.008265000000164946
362.8888888888889,498.3134955720957,1.0,0.021333882352940786,18,0.36267599999999334
4.428571428571429,11.716898663286042,1.3333333333333333,0.011504833333328671,7,0.06902899999997203
429.14285714285717,579.5486709681129,1.1,0.000799048780488342,42,0.03276100000002202
7.75,15.5,1.0,0.0005676666666640054,4,0.0017029999999920165
197.6206896551724,409.6590406138381,1.4166666666666667,0.004128821428570818,29,0.11560699999998292
0.0,0.0,1.0,0.0006686666666648003,4,0.002005999999994401
241.3783783783784,361.0999670260109,1.1764705882352942,0.009761027777778332,37,0.35139700000001994
0.0,0.0,1.0,0.0025839999999845986,2,0.0025839999999845986
220.58064516129033,430.5274884134229,1.3846153846153846,0.025623566666667822,31,0.7687070000000347
433.5,635.2527493490725,0.6666666666666666,0.09277933333333345,10,0.835014000000001
349.25,380.185574987494,-1.0,0.12290985714285593,8,0.8603689999999915
7.666666666666667,13.279056191361391,-1.0,0.0002985000000137461,3,0.0005970000000274922
0.0,0.0,1.5,0.18036049999999904,5,0.7214419999999961
127.4,155.81495435291185,-1.0,0.2152157500000058,5,0.8608630000000232
0.0,0.0,-1.0,0.2628249999999923,2,0.2628249999999923
0.0,-1.0,0.0,-1.0,1,0.0010069999999871015
,-1.0,-1.0,-0.0,0,0.0
,-1.0,-1.0,-0.0,0,0.0
,-1.0,-1.0,-0.0,0,0.0
,-1.0,-1.0,-0.0,0,0.0
,-1.0,-1.0,-0.0,0,0.0
,-1.0,-1.0,-0.0,0,0.0
,-1.0,-1.0,-0.0,0,0.0
0.0,-1.0,0.0,-1.0,1,0.0009859999999548563
,-1.0,-1.0,-0.0,0,0.0
,-1.0,-1.0,-0.0,0,0.0
,-1.0,-1.0,-0.0,0,0.0
,-1.0,-1.0,-0.0,0,0.0
,-1.0,-1.0,-0.0,0,0.0
,-1.0,-1.0,-0.0,0,0.0
,-1.0,-1.0,-0.0,0,0.0
,-1.0,-1.0,-0.0,0,0.0
62.666666666666664,131.38446935569968,1.4,0.07075090909091325,12,0.7782600000000457
,-1.0,-1.0,-0.0,0,0.0
508.2631578947368,641.9128395407366,-1.0,0.030416111111110113,19,0.547489999999982
,-1.0,-1.0,-0.0,0,0.0
,-1.0,-1.0,-0.0,0,0.0
,-1.0,-1.0,-0.0,0,0.0
0.0,-1.0,-1.0,-1.0,1,0.23805099999998447
0.0,-1.0,-1.0,-1.0,1,0.7166000000000281
40.526315789473685,39.50016655527843,-1.0,0.016915944444440986,19,0.3044869999999378
,-1.0,-1.0,-0.0,0,0.0
,-1.0,-1.0,-0.0,0,0.0
,-1.0,-1.0,-0.0,0,0.0
,-1.0,-1.0,-0.0,0,0.0
343.7894736842105,491.37760756507237,1.1111111111111112,0.019921833333329333,19,0.358592999999928
4.428571428571429,11.716898663286042,1.3333333333333333,0.01180416666666891,7,0.07082500000001346
0.0,-1.0,0.0,-1.0,1,0.0010070000000155233
,-1.0,-1.0,-0.0,0,0.0
,-1.0,-1.0,-0.0,0,0.0
,-1.0,-1.0,-0.0,0,0.0
,-1.0,-1.0,-0.0,0,0.0
,-1.0,-1.0,-0.0,0,0.0
,-1.0,-1.0,-0.0,0,0.0
,-1.0,-1.0,-0.0,0,0.0
,-1.0,-1.0,-0.0,0,0.0
373.77777777777777,523.47454070971,1.0,0.003635058823530311,18,0.06179600000001528
4.428571428571429,11.716898663286042,1.3333333333333333,0.0006906666666660991,7,0.004143999999996595
0.0,-1.0,0.0,-1.0,1,0.0009859999999548563
,-1.0,-1.0,-0.0,0,0.0
,-1.0,-1.0,-0.0,0,0.0
,-1.0,-1.0,-0.0,0,0.0
,-1.0,-1.0,-0.0,0,0.0
,-1.0,-1.0,-0.0,0,0.0
,-1.0,-1.0,-0.0,0,0.0
,-1.0,-1.0,-0.0,0,0.0
62.666666666666664,131.38446935569968,1.4,0.07320409090909213,12,0.8052450000000135
,-1.0,-1.0,-0.0,0,0.0
,-1.0,-1.0,-0.0,0,0.0
,-1.0,-1.0,-0.0,0,0.0
0.0,-1.0,-1.0,-1.0,1,0.9364369999999553
,-1.0,-1.0,-0.0,0,0.0
,-1.0,-1.0,-0.0,0,0.0
,-1.0,-1.0,-0.0,0,0.0
,-1.0,-1.0,-0.0,0,0.0
,-1.0,-1.0,-0.0,0,0.0
0.0,-1.0,-1.0,-1.0,1,0.9487480000000232
0.0,-1.0,0.0,-1.0,1,0.0009479999999939537
,-1.0,-1.0,-0.0,0,0.0
,-1.0,-1.0,-0.0,0,0.0
,-1.0,-1.0,-0.0,0,0.0
,-1.0,-1.0,-0.0,0,0.0
,-1.0,-1.0,-0.0,0,0.0
,-1.0,-1.0,-0.0,0,0.0
,-1.0,-1.0,-0.0,0,0.0
,-1.0,-1.0,-0.0,0,0.0
384.2352941176471,538.7331818038226,1.125,0.02374812500000445,17,0.3799700000000712
6.2,13.863621460498697,1.5,0.017826000000013664,5,0.07130400000005466
0.0,-1.0,0.0,-1.0,1,0.0009130000000823202
,-1.0,-1.0,-0.0,0,0.0
,-1.0,-1.0,-0.0,0,0.0
,-1.0,-1.0,-0.0,0,0.0
,-1.0,-1.0,-0.0,0,0.0
,-1.0,-1.0,-0.0,0,0.0
,-1.0,-1.0,-0.0,0,0.0
,-1.0,-1.0,-0.0,0,0.0
,-1.0,-1.0,-0.0,0,0.0
274.9,484.5620811891039,1.0,0.047915684210525604,20,0.9103979999999865
153.75,164.36957486973415,-1.0,0.1301795714285845,8,0.9112570000000915
0.0,0.0,-1.0,0.2222229999999854,2,0.2222229999999854
0.0,0.0,1.0,0.21926799999994273,2,0.21926799999994273
0.0,0.0,1.0,0.2243270000000166,2,0.2243270000000166
169.44444444444446,160.74911439189262,-1.0,0.11408387499999151,9,0.9126709999999321
0.0,0.0,-1.0,0.00587499999994634,2,0.00587499999994634
356.42857142857144,557.1114671348874,1.0,0.06770661538460515,14,0.8801859999998669
342.0,300.71082454743794,-1.0,0.16870499999998856,3,0.3374099999999771
7.666666666666667,13.279056191361391,-1.0,0.0002754999999865504,3,0.0005509999999731008
0.0,0.0,1.0,0.2698080000000118,2,0.2698080000000118
148.5,210.0107140124046,-1.0,0.33557600000006005,2,0.33557600000006005
0.0,0.0,-1.0,0.2689389999999321,2,0.2689389999999321
26.5,37.476659402887016,1.0,0.016725999999948726,2,0.016725999999948726
26.5,37.476659402887016,1.0,0.006645999999932428,2,0.006645999999932428
0.0,-1.0,0.0,-1.0,1,0.0009939999999915017
,-1.0,-1.0,-0.0,0,0.0
,-1.0,-1.0,-0.0,0,0.0
0.0,-1.0,-1.0,-1.0,1,0.9999950000000126
0.0,-1.0,-1.0,-1.0,1,0.9999740000000656
,-1.0,-1.0,-0.0,0,0.0
362.8888888888889,530.4365448426184,1.25,0.01828029411765061,18,0.31076500000006035
6.2,13.863621460498697,1.5,0.01726899999999887,5,0.06907599999999547
1.8181818181818181,3.2807981290588972,1.2,0.02403470000000425,11,0.2403470000000425
1.3333333333333333,2.8284271247461903,1.25,0.001523250000005305,9,0.01218600000004244
1.8181818181818181,3.2807981290588972,1.2,0.02189930000000686,11,0.2189930000000686
1.3333333333333333,2.8284271247461903,1.25,0.0018173750000016753,9,0.014539000000013402
1.8181818181818181,3.2807981290588972,1.2,0.024665800000002493,11,0.2466580000000249
1.3333333333333333,2.8284271247461903,1.25,0.0046604999999857455,9,0.037283999999885964
0.0,-1.0,0.0,-1.0,1,0.0009359999999105639
,-1.0,-1.0,-0.0,0,0.0
,-1.0,-1.0,-0.0,0,0.0
,-1.0,-1.0,-0.0,0,0.0
,-1.0,-1.0,-0.0,0,0.0
,-1.0,-1.0,-0.0,0,0.0
,-1.0,-1.0,-0.0,0,0.0
,-1.0,-1.0,-0.0,0,0.0
1.8181818181818181,3.2807981290588972,1.2,0.022819200000003547,11,0.22819200000003548
1.3333333333333333,2.8284271247461903,1.25,0.002462625000006824,9,0.01970100000005459
1.8181818181818181,3.2807981290588972,1.2,0.02213639999999941,11,0.22136399999999412
1.3333333333333333,2.8284271247461903,1.25,0.0018927499999961128,9,0.015141999999968903
0.0,-1.0,0.0,-1.0,1,0.0008240000000796499
,-1.0,-1.0,-0.0,0,0.0
,-1.0,-1.0,-0.0,0,0.0
,-1.0,-1.0,-0.0,0,0.0
,-1.0,-1.0,-0.0,0,0.0
,-1.0,-1.0,-0.0,0,0.0
,-1.0,-1.0,-0.0,0,0.0
,-1.0,-1.0,-0.0,0,0.0
343.7894736842105,491.37760756507237,1.1111111111111112,0.019582277777772106,19,0.3524809999998979
4.428571428571429,11.716898663286042,1.3333333333333333,0.013085499999988315,7,0.07851299999992989
0.0,-1.0,0.0,-1.0,1,0.0009780000001455846
,-1.0,-1.0,-0.0,0,0.0
,-1.0,-1.0,-0.0,0,0.0
,-1.0,-1.0,-0.0,0,0.0
,-1.0,-1.0,-0.0,0,0.0
,-1.0,-1.0,-0.0,0,0.0
,-1.0,-1.0,-0.0,0,0.0
,-1.0,-1.0,-0.0,0,0.0
0.0,-1.0,0.0,-1.0,1,0.0009550000000899672
,-1.0,-1.0,-0.0,0,0.0
,-1.0,-1.0,-0.0,0,0.0
,-1.0,-1.0,-0.0,0,0.0
,-1.0,-1.0,-0.0,0,0.0
,-1.0,-1.0,-0.0,0,0.0
,-1.0,-1.0,-0.0,0,0.0
,-1.0,-1.0,-0.0,0,0.0
151.22727272727272,217.20649201430462,1.2,0.015534809523809858,22,0.32623100000000704
0.0,0.0,1.0,0.001628666666723196,4,0.004886000000169588
299.375,428.67387142614405,1.1818181818181819,0.017645565217395888,24,0.40584800000010546
0.0,0.0,0.6666666666666666,0.0012987500000463115,5,0.005195000000185246
515.4615384615385,648.5065683790483,0.8571428571428571,0.03391408333333364,13,0.4069690000000037
331.2857142857143,491.5830598809369,1.3333333333333333,0.06908316666666299,7,0.41449899999997797
0.0,0.0,1.0,0.054990666666753896,4,0.1649720000002617
205.83870967741936,362.5589696195819,1.0666666666666667,0.005888599999999163,31,0.1766579999999749
62.833333333333336,105.23386653861326,1.0,0.00470460000001367,6,0.02352300000006835
8.833333333333334,21.63715939458474,1.0,0.004778799999985495,6,0.023893999999927473
279.6111111111111,431.41724567903054,1.25,0.029179882352944813,18,0.49605800000006184
4.428571428571429,11.716898663286042,1.3333333333333333,0.0011233333333393603,7,0.0067400000000361615
332.94736842105266,514.344941939012,1.7142857142857142,0.043113222222208,19,0.776037999999744
262.6666666666667,375.1498524119473,-1.0,0.05026817647059462,18,0.8545590000001084
211.33333333333334,218.85230940827043,-1.0,0.13251449999995657,3,0.26502899999991314
17.666666666666668,30.599564267050162,-1.0,0.0001310000000103173,3,0.0002620000000206346
258.85,436.09792176576707,1.2222222222222223,0.0009164736842122741,20,0.017413000000033207
7.75,15.5,1.0,0.0005613333333561362,4,0.0016840000000684086
216.82051282051282,342.9498867638085,1.1666666666666667,0.007455026315788497,39,0.2832909999999629
0.0,0.0,1.0,0.001968999999917287,2,0.001968999999917287
355.8125,437.4695150669395,1.4615384615384615,0.00905083870968097,32,0.28057600000011007
7.75,15.5,1.0,0.0006213333333562332,4,0.0018640000000686996
0.0,0.0,1.0,0.22813299999984338,2,0.22813299999984338
162.51724137931035,351.5723478368952,1.2307692307692308,0.005979357142864826,29,0.16742200000021512
4.428571428571429,11.716898663286042,0.75,0.0028596666666468686,7,0.017157999999881213
1019.5294117647059,538.1217471036479,-1.0,0.05287993750000908,17,0.8460790000001452
552.6666666666666,478.6902269039272,-1.0,0.1357504999999719,3,0.2715009999999438
0.0,0.0,-1.0,0.25375099999996564,2,0.25375099999996564
0.0,-1.0,0.0,-1.0,1,0.000875000000178261
,-1.0,-1.0,-0.0,0,0.0
,-1.0,-1.0,-0.0,0,0.0
,-1.0,-1.0,-0.0,0,0.0
,-1.0,-1.0,-0.0,0,0.0
,-1.0,-1.0,-0.0,0,0.0
,-1.0,-1.0,-0.0,0,0.0
,-1.0,-1.0,-0.0,0,0.0
,-1.0,-1.0,-0.0,0,0.0
362.8888888888889,530.4365448426184,1.25,0.019669352941183903,18,0.3343790000001263
4.428571428571429,11.716898663286042,1.3333333333333333,0.011714333333316063,7,0.07028599999989638
0.0,-1.0,0.0,-1.0,1,0.0008949999999003921
,-1.0,-1.0,-0.0,0,0.0
,-1.0,-1.0,-0.0,0,0.0
,-1.0,-1.0,-0.0,0,0.0
,-1.0,-1.0,-0.0,0,0.0
,-1.0,-1.0,-0.0,0,0.0
,-1.0,-1.0,-0.0,0,0.0
,-1.0,-1.0,-0.0,0,0.0
,-1.0,-1.0,-0.0,0,0.0
295.82142857142856,488.563582697917,1.0,0.004569333333333985,28,0.12337200000001758
0.0,0.0,1.0,0.020273999999972148,2,0.020273999999972148
0.0,-1.0,0.0,-1.0,1,0.0009809999999106367
,-1.0,-1.0,-0.0,0,0.0
,-1.0,-1.0,-0.0,0,0.0
,-1.0,-1.0,-0.0,0,0.0
,-1.0,-1.0,-0.0,0,0.0
,-1.0,-1.0,-0.0,0,0.0
,-1.0,-1.0,-0.0,0,0.0
,-1.0,-1.0,-0.0,0,0.0
,-1.0,-1.0,-0.0,0,0.0
274.9,484.5620811891039,1.0,0.04974547368419735,20,0.9451639999997496
153.75,164.36957486973415,-1.0,0.13859657142857681,8,0.9701760000000377
0.0,0.0,-1.0,0.22597300000006726,2,0.22597300000006726
0.0,0.0,1.0,0.22524700000008124,2,0.22524700000008124
0.0,0.0,1.0,0.21661600000015824,2,0.21661600000015824
169.44444444444446,160.74911439189262,-1.0,0.12127087499999334,9,0.9701669999999467
0.0,0.0,-1.0,0.0018959999999879074,2,0.0018959999999879074
362.8888888888889,498.3134955720957,1.0,0.018986000000014054,18,0.3227620000002389
4.428571428571429,11.716898663286042,1.3333333333333333,0.011947333333334123,7,0.07168400000000474
356.42857142857144,557.1114671348874,1.0,0.06678476923076022,14,0.8682019999998829
342.0,300.71082454743794,-1.0,0.13833099999999376,3,0.27666199999998753
7.666666666666667,13.279056191361391,-1.0,0.0002764999999271822,3,0.0005529999998543644
0.0,0.0,1.0,0.27051800000003823,2,0.27051800000003823
148.5,210.0107140124046,-1.0,0.27657399999998233,2,0.27657399999998233
0.0,0.0,-1.0,0.27112099999999373,2,0.27112099999999373
356.42857142857144,557.1114671348874,1.0,0.0709632307692188,14,0.9225219999998444
416.6666666666667,396.3638900471804,-1.0,0.17065599999989445,3,0.3413119999997889
474.5,671.0443353460336,-1.0,0.27650699999981043,2,0.27650699999981043
519.0,725.5005168847229,-1.0,0.16746499999999287,3,0.33492999999998574
0.0,0.0,1.0,0.3182409999999436,2,0.3182409999999436
148.5,210.0107140124046,-1.0,0.4396750000000793,2,0.4396750000000793
297.0,-1.0,-1.0,-1.0,1,0.006680000000187647
148.5,210.0107140124046,-1.0,0.058571000000029017,2,0.058571000000029017
388.8125,567.9878711506026,1.1333333333333333,0.017477225806451023,32,0.5417939999999817
388.5,533.1834982978588,1.2,0.007065333333327674,22,0.14837199999988115
0.0,-1.0,0.0,-1.0,1,0.0009210000000621221
,-1.0,-1.0,-0.0,0,0.0
,-1.0,-1.0,-0.0,0,0.0
,-1.0,-1.0,-0.0,0,0.0
,-1.0,-1.0,-0.0,0,0.0
,-1.0,-1.0,-0.0,0,0.0
,-1.0,-1.0,-0.0,0,0.0
,-1.0,-1.0,-0.0,0,0.0
,-1.0,-1.0,-0.0,0,0.0
